"id";"idOrigem";"reputacao";"nome"
"1_1001";"1001";"109";"maximus"
"1_1003";"1003";"131";"user774025"
"1_1004";"1004";"226";"Martin Beracochea"
"1_1005";"1005";"1584";"Everyone"
"1_1006";"1006";"211";"uvesten"
"1_101";"101";"113";"Jakob Weisblat"
"1_1010";"1010";"31";"russell11"
"1_1011";"1011";"134";"Popopo"
"1_1013";"1013";"11";"Nikita Kazeev"
"1_1014";"1014";"31";"Petra Rojinski"
"1_1015";"1015";"31";"Kunal"
"1_1016";"1016";"191";"Chris K"
"1_1017";"1017";"31";"Matt Smith"
"1_1019";"1019";"101";"deinonychusaur"
"1_1020";"1020";"121";"mellow"
"1_1021";"1021";"11";"RCRF"
"1_1026";"1026";"16";"Karen"
"1_1027";"1027";"21";"Bob"
"1_103";"103";"989";"InquilineKea"
"1_1030";"1030";"21";"PhD student"
"1_1031";"1031";"33";"Luke O'Cyte"
"1_1032";"1032";"89";"Justin Smith"
"1_1033";"1033";"141";"Louis"
"1_1034";"1034";"168";"Graviton"
"1_1038";"1038";"36";"c-design"
"1_1039";"1039";"251";"Green Noob"
"1_104";"104";"308";"Bruce Alderman"
"1_1040";"1040";"126";"Schiphol"
"1_1041";"1041";"44";"Frank"
"1_1043";"1043";"103";"David James"
"1_1045";"1045";"131";"Farrel"
"1_1048";"1048";"117";"isJustMe"
"1_1049";"1049";"223";"user4673"
"1_1050";"1050";"126";"Andrew Salmon"
"1_1051";"1051";"217";"ohblahitsme"
"1_1052";"1052";"6";"Sylvain Prat"
"1_1053";"1053";"17";"Janus"
"1_1055";"1055";"63";"Anand Jeyahar"
"1_1058";"1058";"106";"rubenvb"
"1_1059";"1059";"101";"Chimera"
"1_106";"106";"101";"Sam"
"1_1060";"1060";"81";"Thraupidae"
"1_1061";"1061";"190";"emanuele"
"1_1064";"1064";"128";"Chris Harris"
"1_1067";"1067";"154";"c0zmic"
"1_1068";"1068";"143";"Event Horizon"
"1_107";"107";"5759";"kmm"
"1_1070";"1070";"165";"Cerberus"
"1_1079";"1079";"123";"chuacw"
"1_1081";"1081";"133";"Shaktal"
"1_1083";"1083";"260";"Frank"
"1_1084";"1084";"41";"Alessandra Bilardi"
"1_1086";"1086";"200";"lurscher"
"1_1090";"1090";"6";"wish"
"1_1092";"1092";"148";"ClayKaboom"
"1_1095";"1095";"131";"Williham Totland"
"1_1096";"1096";"141";"Dubs"
"1_1097";"1097";"736";"DistribEcology"
"1_1098";"1098";"137";"Melanie"
"1_1099";"1099";"241";"Thaddeus"
"1_1105";"1105";"101";"Ruben"
"1_1107";"1107";"26";"user10037"
"1_111";"111";"101";"Shog9"
"1_1110";"1110";"250";"gpuguy"
"1_1113";"1113";"76";"Jodes"
"1_1114";"1114";"325";"Kal"
"1_1119";"1119";"24";"abhijit Bhattacharjee"
"1_112";"112";"2913";"Michael Kuhn"
"1_1122";"1122";"2757";"rwst"
"1_1123";"1123";"103";"Big Endian"
"1_1125";"1125";"183";"tunnuz"
"1_1126";"1126";"91";"Osjan"
"1_1127";"1127";"108";"bjarkef"
"1_1128";"1128";"106";"Dave Gerrard"
"1_1129";"1129";"101";"default locale"
"1_1130";"1130";"166";"Chase Yuan"
"1_1136";"1136";"1628";"TomD"
"1_114";"114";"478";"EdoDodo"
"1_1141";"1141";"130";"Pengyao"
"1_115";"115";"4850";"nico"
"1_1151";"1151";"101";"Nicola Peluchetti"
"1_1153";"1153";"131";"Barton Chittenden"
"1_1154";"1154";"116";"artaxerxe"
"1_1156";"1156";"211";"OldCurmudgeon"
"1_1157";"1157";"121";"mark"
"1_1158";"1158";"139";"Adolfo Perez"
"1_1161";"1161";"131";"mellamokb"
"1_1162";"1162";"6";"Daniel Bilar"
"1_1163";"1163";"43";"Benjamin Lindley"
"1_1164";"1164";"158";"Stilgar"
"1_1165";"1165";"133";"Mark"
"1_1166";"1166";"761";"jello"
"1_1167";"1167";"221";"josinalvo"
"1_1169";"1169";"108";"ZAB"
"1_117";"117";"276";"dsign"
"1_1171";"1171";"128";"mrok"
"1_1172";"1172";"115";"barrycarter"
"1_1174";"1174";"103";"Stuart Pegg"
"1_1175";"1175";"38";"Samrat Roy"
"1_1176";"1176";"204";"Chirag"
"1_1182";"1182";"302";"Orcris"
"1_1185";"1185";"36";"Jari Komppa"
"1_1186";"1186";"121";"Aditya Chawla"
"1_1187";"1187";"16";"DBR"
"1_1190";"1190";"169";"Uri"
"1_1191";"1191";"51";"Francis Wolfe"
"1_1192";"1192";"136";"Ste"
"1_1193";"1193";"34";"Vincent L."
"1_1197";"1197";"183";"Darlingtonia"
"1_1198";"1198";"121";"Tom H"
"1_12";"12";"1730";"GWW"
"1_120";"120";"180";"peri4n"
"1_1200";"1200";"152";"Desmond Hume"
"1_1201";"1201";"101";"Jerry"
"1_1202";"1202";"331";"Mechanical snail"
"1_1203";"1203";"212";"wim"
"1_121";"121";"188";"www0z0k"
"1_1210";"1210";"347";"AGS"
"1_1211";"1211";"36";"A Y"
"1_1216";"1216";"178";"luciano"
"1_1224";"1224";"258";"Steven Roose"
"1_1225";"1225";"206";"TimothÃ©e Poisot"
"1_1226";"1226";"121";"rsegal"
"1_123";"123";"59";"Charlie Bog"
"1_1231";"1231";"5580";"MCM"
"1_1236";"1236";"83";"David Walz"
"1_1240";"1240";"16";"Chanelle Ractliffe"
"1_1241";"1241";"119";"Jeremy Leipzig"
"1_1248";"1248";"318";"Luke"
"1_1249";"1249";"296";"Doc"
"1_1250";"1250";"554";"Conner"
"1_1251";"1251";"141";"Nathan Long"
"1_1253";"1253";"193";"Geuis"
"1_1255";"1255";"11";"Shuklangi"
"1_126";"126";"351";"kali281"
"1_1264";"1264";"149";"Blundell"
"1_1265";"1265";"169";"apoz"
"1_1266";"1266";"19";"Bonnet"
"1_1267";"1267";"153";"andrew cooke"
"1_1270";"1270";"103";"Pureferret"
"1_1271";"1271";"21";"Peter Kinnon"
"1_1274";"1274";"31";"MCM"
"1_1278";"1278";"237";"ymar"
"1_1279";"1279";"230";"Petr PudlÃ¡k"
"1_128";"128";"153";"Pedery"
"1_1281";"1281";"123";"Edward Ruchevits"
"1_1283";"1283";"205";"Question Overflow"
"1_1284";"1284";"136";"Brian"
"1_1285";"1285";"9";"CEM"
"1_1289";"1289";"212";"Chris Cooper"
"1_129";"129";"814";"Piotr Migdal"
"1_1290";"1290";"101";"Andrew Thompson"
"1_1291";"1291";"143";"Joachim Breitner"
"1_1295";"1295";"11";"Mifkit"
"1_1296";"1296";"46";"Coder"
"1_1297";"1297";"128";"LordScree"
"1_1300";"1300";"300";"Nick"
"1_1302";"1302";"101";"Russell Borogove"
"1_1303";"1303";"351";"carandraug"
"1_1304";"1304";"101";"avra"
"1_1305";"1305";"31";"Benjamin Cargile"
"1_1306";"1306";"6041";"terdon"
"1_1307";"1307";"281";"Lubo Antonov"
"1_1308";"1308";"135";"Mohayemin"
"1_1310";"1310";"1";"user1310"
"1_1312";"1312";"121";"ib84"
"1_1313";"1313";"16";"Mark Blackwell"
"1_1315";"1315";"144";"Sklivvz"
"1_1320";"1320";"11735";"Alan Boyd"
"1_1324";"1324";"146";"Jon Ericson"
"1_1325";"1325";"381";"atomadam2"
"1_1326";"1326";"148";"darksky"
"1_133";"133";"236";"Innab"
"1_1330";"1330";"113";"John"
"1_1332";"1332";"21";"jmerkin"
"1_1335";"1335";"19";"ooglie"
"1_1337";"1337";"31";"sujit ghosh"
"1_1338";"1338";"111";"rmk"
"1_1339";"1339";"146";"bobuhito"
"1_1344";"1344";"138";"Jens"
"1_1345";"1345";"51";"satz"
"1_135";"135";"149";"johnny1bucket"
"1_1350";"1350";"48";"Green"
"1_1351";"1351";"21";"Ali"
"1_1352";"1352";"31";"user1352"
"1_1353";"1353";"16";"Anima Mundi"
"1_1355";"1355";"191";"Maciej Trybi?o"
"1_1357";"1357";"357";"caseyr547"
"1_1359";"1359";"22";"Arwil"
"1_1360";"1360";"31";"user1480431"
"1_1364";"1364";"146";"masonk"
"1_1365";"1365";"21";"JDawson"
"1_1367";"1367";"339";"Salain"
"1_1368";"1368";"256";"daniel"
"1_1369";"1369";"159";"yannbane"
"1_137";"137";"1256";"KennyPeanuts"
"1_1371";"1371";"21";"Hanuman"
"1_1373";"1373";"366";"user1306322"
"1_1374";"1374";"28";"Jamie Iddles"
"1_1378";"1378";"121";"Avi"
"1_1379";"1379";"116";"user6521"
"1_138";"138";"546";"Bart Jacobs"
"1_1380";"1380";"26";"Harold"
"1_1383";"1383";"101";"Shaktyai"
"1_1384";"1384";"143";"gerrit"
"1_1387";"1387";"112";"Michael K"
"1_1389";"1389";"166";"James Porter"
"1_139";"139";"194";"Dragana Bozic"
"1_1390";"1390";"164";"Damien Joe"
"1_1394";"1394";"101";"Leonardo"
"1_1395";"1395";"103";"Jader Dias"
"1_1396";"1396";"165";"RioRaider"
"1_14";"14";"176";"Reven"
"1_140";"140";"49";"Pellegrino"
"1_1405";"1405";"136";"glethien"
"1_1406";"1406";"36";"mac01021"
"1_1407";"1407";"138";"kenny"
"1_1409";"1409";"51";"S. Robert James"
"1_1413";"1413";"138";"winerd"
"1_1419";"1419";"128";"Mahdi Ghiasi"
"1_1420";"1420";"36";"Nivedita Singh"
"1_1421";"1421";"81";"kalaz"
"1_1422";"1422";"141";"Keith B"
"1_1423";"1423";"101";"mblackwell8"
"1_1424";"1424";"16";"Georgia"
"1_1427";"1427";"974";"jkadlubowska"
"1_1428";"1428";"148";"Pranit Bauva"
"1_1429";"1429";"181";"Matt Shirley"
"1_143";"143";"46";"Emlena.PhD"
"1_1430";"1430";"208";"JBE"
"1_1432";"1432";"18";"user1432"
"1_1435";"1435";"826";"January"
"1_1436";"1436";"121";"Sejanus"
"1_1437";"1437";"21";"Bojan"
"1_1439";"1439";"26";"Po-Jen Lai"
"1_1441";"1441";"1316";"Bitwise"
"1_1442";"1442";"111";"mythealias"
"1_1443";"1443";"28";"Bojan"
"1_1448";"1448";"136";"Thorarin"
"1_145";"145";"169";"Cody Gray"
"1_1450";"1450";"594";"Lo Sauer"
"1_1451";"1451";"136";"Alpha"
"1_1452";"1452";"47";"VAR121"
"1_1454";"1454";"61";"mdna"
"1_1459";"1459";"123";"hydroparadise"
"1_146";"146";"590";"JoeHobbit"
"1_1460";"1460";"126";"startanewww"
"1_1463";"1463";"21";"Fiire"
"1_1467";"1467";"116";"Mahm00d"
"1_1470";"1470";"173";"think123"
"1_1472";"1472";"561";"Mew"
"1_1474";"1474";"278";"Matthew Higgins"
"1_1476";"1476";"111";"JamesKraw"
"1_148";"148";"250";"Dr.Dredel"
"1_1480";"1480";"196";"cdmckay"
"1_1481";"1481";"128";"Colin"
"1_1482";"1482";"16";"Cerberus"
"1_1483";"1483";"111";"drozzy"
"1_1486";"1486";"401";"bli"
"1_1488";"1488";"138";"Fyce"
"1_1489";"1489";"66";"IxariusSci"
"1_149";"149";"483";"walkytalky"
"1_1492";"1492";"29";"Entangledquessionare"
"1_1495";"1495";"1";"Paint Sukhun"
"1_1497";"1497";"96";"user3923"
"1_1498";"1498";"21";"Pan Pap"
"1_1501";"1501";"101";"GAT"
"1_1502";"1502";"11";"user832680"
"1_1503";"1503";"1";"user1503"
"1_1504";"1504";"23";"tquarton"
"1_1509";"1509";"26";"notalily"
"1_151";"151";"111";"hpixel"
"1_1515";"1515";"21";"kirty shakthawatt"
"1_1517";"1517";"256";"Soonts"
"1_1518";"1518";"21";"WLanger"
"1_1519";"1519";"160";"Sachin Kainth"
"1_152";"152";"393";"Christian"
"1_1520";"1520";"16";"mami"
"1_1521";"1521";"76";"Srihari Yamanoor"
"1_1522";"1522";"185";"S. Albano"
"1_1523";"1523";"118";"Bob Kaufman"
"1_1524";"1524";"128";"Jarnal"
"1_1526";"1526";"131";"Omar"
"1_1528";"1528";"101";"William Mioch"
"1_1529";"1529";"31";"Ben"
"1_1533";"1533";"20";"Shummy"
"1_1535";"1535";"71";"Jung Choi"
"1_1536";"1536";"226";"ericmjl"
"1_1537";"1537";"130";"Abdelrahman Esmat"
"1_154";"154";"375";"Abe"
"1_1544";"1544";"123";"gil_bz"
"1_1545";"1545";"21";"Ken"
"1_1547";"1547";"113";"Osiris"
"1_1548";"1548";"21";"Jooj"
"1_1550";"1550";"140";"Kazark"
"1_1553";"1553";"131";"kapsi"
"1_1554";"1554";"136";"user1554"
"1_1557";"1557";"123";"cartoonist"
"1_1558";"1558";"101";"Sid"
"1_1560";"1560";"101";"senderle"
"1_1562";"1562";"26";"Emre"
"1_1563";"1563";"96";"derobert"
"1_1565";"1565";"113";"Pablo Karlsson"
"1_1566";"1566";"123";"Steve Haigh"
"1_1568";"1568";"46";"Pelle"
"1_1569";"1569";"176";"alexBrand"
"1_157";"157";"263";"nmagerko"
"1_1576";"1576";"138";"M.B."
"1_1578";"1578";"135";"rumtscho"
"1_158";"158";"1174";"harpalss"
"1_1581";"1581";"123";"Brady"
"1_1583";"1583";"16";"Joey"
"1_1584";"1584";"304";"Suzan Cioc"
"1_1585";"1585";"114";"Jo Rijo"
"1_1586";"1586";"42";"TonyH"
"1_1587";"1587";"118";"MichaelS"
"1_1589";"1589";"148";"daven11"
"1_1590";"1590";"4270";"GriffinEvo"
"1_1591";"1591";"11";"Jen"
"1_1594";"1594";"108";"MacGyver"
"1_1597";"1597";"337";"RecursivelyIronic"
"1_16";"16";"179";"Jamie Banks"
"1_1602";"1602";"140";"Iszi"
"1_1607";"1607";"141";"Larry Harson"
"1_1609";"1609";"192";"ZafarS"
"1_161";"161";"188";"Aleksandr Levchuk"
"1_1610";"1610";"45";"Fatima"
"1_1611";"1611";"118";"Canageek"
"1_1616";"1616";"1";"Dave"
"1_1617";"1617";"21";"Phanet"
"1_1620";"1620";"121";"usumdelphini"
"1_1624";"1624";"147";"Simon Carlson"
"1_1625";"1625";"198";"Andrey"
"1_1627";"1627";"31";"Raju R Yadav"
"1_1629";"1629";"101";"m0nhawk"
"1_1631";"1631";"39";"Bruno Cremella"
"1_1633";"1633";"1";"bill h"
"1_1634";"1634";"9";"user2645"
"1_1635";"1635";"38";"Peter-i"
"1_1639";"1639";"21";"user523413"
"1_164";"164";"223";"jabal"
"1_1640";"1640";"71";"Dermot Harnett"
"1_1642";"1642";"121";"RedGrittyBrick"
"1_1643";"1643";"11";"wizard Lawrence"
"1_1648";"1648";"31";"Arun Seetharam"
"1_1656";"1656";"76";"KT8"
"1_1658";"1658";"123";"tohecz"
"1_1659";"1659";"1";"whatever"
"1_166";"166";"2816";"Konrad Rudolph"
"1_1660";"1660";"81";"QuietThud"
"1_1661";"1661";"150";"Dnaiel"
"1_1664";"1664";"29";"Tara"
"1_1665";"1665";"101";"tech"
"1_1666";"1666";"11";"Aaron Livni"
"1_1667";"1667";"289";"Alyosha"
"1_1668";"1668";"131";"DomagojHack"
"1_167";"167";"276";"dbikard"
"1_1672";"1672";"6";"Noopde"
"1_1673";"1673";"21";"carl"
"1_1675";"1675";"128";"Ben Morris"
"1_1677";"1677";"162";"joseph_morris"
"1_1686";"1686";"101";"Matheus Moreira"
"1_1688";"1688";"376";"Stuart R. Jefferys"
"1_1692";"1692";"38";"Jon Shaulfer"
"1_1693";"1693";"141";"user248237"
"1_1697";"1697";"11";"Dr. Stefan Gruenwald"
"1_17";"17";"269";"user815423426"
"1_1700";"1700";"26";"dhubris"
"1_1705";"1705";"158";"hhh"
"1_1709";"1709";"61";"single_digit"
"1_171";"171";"101";"Darqer"
"1_1710";"1710";"315";"single_digit"
"1_1711";"1711";"118";"Christian"
"1_1713";"1713";"108";"tcak"
"1_1715";"1715";"110";"Zizo"
"1_1719";"1719";"21";"Adam Sardar"
"1_172";"172";"348";"Polynomial"
"1_1720";"1720";"21";"Ryan Taylor"
"1_1721";"1721";"23";"Milan MuÂšo"
"1_1724";"1724";"141";"ahmadali shafiee"
"1_1726";"1726";"21";"Autumn Kulaga"
"1_1727";"1727";"156";"Richard Rodriguez"
"1_1728";"1728";"48";"Maddy Byahoo"
"1_173";"173";"265";"ghchinoy"
"1_1738";"1738";"101";"Diego"
"1_1739";"1739";"81";"biojl"
"1_1749";"1749";"118";"Benjamin"
"1_1755";"1755";"118";"Frankie"
"1_1756";"1756";"380";"CopyrightX"
"1_1757";"1757";"2886";"AndroidPenguin"
"1_1763";"1763";"564";"Ben"
"1_1765";"1765";"226";"Rafique"
"1_1766";"1766";"116";"Pankaj Phartiyal"
"1_177";"177";"1874";"jp89"
"1_1771";"1771";"36";"slimsuwan"
"1_1772";"1772";"240";"Engin Yapici"
"1_1773";"1773";"16";"Fun"
"1_1774";"1774";"143";"molf"
"1_1775";"1775";"138";"Cassie"
"1_1776";"1776";"111";"Nikos"
"1_1783";"1783";"111";"Crazy Chenz"
"1_1784";"1784";"116";"kto"
"1_1785";"1785";"31";"lagnajeet pradhan"
"1_1787";"1787";"33";"Littlegator"
"1_1789";"1789";"16";"Linda"
"1_1790";"1790";"141";"Fabio"
"1_1792";"1792";"11";"SRINIVAS"
"1_1794";"1794";"101";"Ben Haley"
"1_1795";"1795";"105";"neo"
"1_18";"18";"171";"AlanSE"
"1_180";"180";"131";"Lucas"
"1_1800";"1800";"133";"DurgaDatta"
"1_1802";"1802";"116";"Tyler Langan"
"1_1804";"1804";"2";"Dokkat"
"1_1808";"1808";"41";"Doug"
"1_1809";"1809";"177";"TheIndependentAquarius"
"1_1813";"1813";"873";"Brenton Horne"
"1_1814";"1814";"16";"Jeff"
"1_1816";"1816";"113";"Emil"
"1_1818";"1818";"101";"jackweirdy"
"1_1820";"1820";"56";"Sarah"
"1_1822";"1822";"16";"Josh"
"1_1826";"1826";"141";"Circeus"
"1_1827";"1827";"372";"cryptic ?"
"1_1829";"1829";"9";"Robert Tso"
"1_1836";"1836";"51";"James"
"1_1838";"1838";"196";"Sean Connolly"
"1_1839";"1839";"433";"sviter"
"1_184";"184";"1214";"Thomas Ingalls"
"1_1841";"1841";"108";"tylerc0816"
"1_1843";"1843";"41";"ecaglayan"
"1_1847";"1847";"113";"David H"
"1_185";"185";"985";"DVK"
"1_1852";"1852";"13";"Peter Aitch"
"1_1853";"1853";"578";"Keegan Keplinger"
"1_1854";"1854";"41";"Yves Mangelinckx"
"1_1855";"1855";"202";"Kyle."
"1_1856";"1856";"213";"atmosx"
"1_1857";"1857";"123";"Paul Manta"
"1_1858";"1858";"282";"Paul A. Clayton"
"1_1859";"1859";"113";"Nathan Reed"
"1_1860";"1860";"101";"Jeremy"
"1_1862";"1862";"97";"rraallvv"
"1_1864";"1864";"150";"Hanno Fietz"
"1_1865";"1865";"161";"GLaDOS"
"1_1866";"1866";"1";"Ted Holden"
"1_1867";"1867";"111";"Zach Rattner"
"1_1868";"1868";"128";"Harry Weston"
"1_1869";"1869";"149";"sammy"
"1_1870";"1870";"40";"Arafat"
"1_1871";"1871";"31";"user1871"
"1_1873";"1873";"9";"Vcy Beta"
"1_1874";"1874";"131";"Jeremy"
"1_1875";"1875";"121";"lynxoid"
"1_1876";"1876";"66";"Lynda Harding"
"1_1877";"1877";"16";"Charlie"
"1_1878";"1878";"1";"Akshay"
"1_1882";"1882";"23";"mwa1"
"1_1884";"1884";"128";"nbubis"
"1_1885";"1885";"133";"avirk"
"1_1888";"1888";"21";"Anya"
"1_1889";"1889";"19";"Erik Redburn"
"1_1891";"1891";"108";"Oleg Mihailik"
"1_1892";"1892";"11";"Carina"
"1_1893";"1893";"233";"dtech"
"1_1894";"1894";"116";"Yrogirg"
"1_1898";"1898";"66";"Philosophical Zombie"
"1_1899";"1899";"163";"Joe Z."
"1_19";"19";"186";"Kyra"
"1_1902";"1902";"119";"user1254498"
"1_1903";"1903";"121";"David Peterman"
"1_1904";"1904";"21";"Nick"
"1_1905";"1905";"118";"Link"
"1_1906";"1906";"387";"Atticus29"
"1_1909";"1909";"31";"Alex"
"1_1911";"1911";"71";"Kotatsu"
"1_1913";"1913";"65";"Rustyn Yazdanpour"
"1_1914";"1914";"13";"user1453094"
"1_1915";"1915";"54";"adnan tanvir"
"1_1916";"1916";"580";"MySky"
"1_1917";"1917";"390";"Alexandria"
"1_1919";"1919";"36";"Whitney"
"1_192";"192";"583";"Steve Lianoglou"
"1_1923";"1923";"1";"nobrandheroes"
"1_194";"194";"63";"Andrey"
"1_2";"2";"126";"Aarthi"
"1_200";"200";"51";"user200"
"1_201";"201";"51";"chaoticdawn"
"1_203";"203";"981";"Douglas S. Stones"
"1_204";"204";"1556";"Amy"
"1_205";"205";"317";"David"
"1_207";"207";"183";"ogerard"
"1_209";"209";"31";"Naofumi Kagami"
"1_210";"210";"81";"Rob O'Callahan"
"1_219";"219";"1964";"KAM"
"1_22";"22";"121";"Tuva"
"1_221";"221";"121";"Vic Goldfeld"
"1_222";"222";"746";"David"
"1_223";"223";"841";"gkadam"
"1_224";"224";"165";"hippietrail"
"1_225";"225";"168";"Beofett"
"1_226";"226";"582";"Andrei"
"1_23";"23";"493";"Vebjorn Ljosa"
"1_230";"230";"121";"Khader Shameer"
"1_231";"231";"1431";"mgkrebbs"
"1_233";"233";"39";"raygozag"
"1_234";"234";"183";"Pierre"
"1_235";"235";"181";"Dave"
"1_237";"237";"199";"Deniz"
"1_238";"238";"1348";"Gabriel Fair"
"1_239";"239";"1565";"Ilmari Karonen"
"1_245";"245";"242";"Maxim V. Pavlov"
"1_246";"246";"65";"Khaloymes"
"1_249";"249";"101";"Jay Bazuzi"
"1_25";"25";"1505";"Nick T"
"1_250";"250";"273";"magnetar"
"1_251";"251";"601";"kate"
"1_252";"252";"144";"tim_hutton"
"1_258";"258";"168";"Casebash"
"1_26";"26";"272";"Phonon"
"1_262";"262";"146";"Tim"
"1_263";"263";"758";"Pete"
"1_264";"264";"41";"Richard Wonka"
"1_265";"265";"38";"rdhs"
"1_277";"277";"1239";"Aleksandra Kos"
"1_279";"279";"1300";"Larian LeQuella"
"1_28";"28";"4283";"Gergana Vandova"
"1_284";"284";"161";"Faheem Mitha"
"1_285";"285";"69";"dar7yl"
"1_286";"286";"41";"camurgo"
"1_288";"288";"151";"ripper234"
"1_29";"29";"202";"luispedro"
"1_2927";"2927";"106";"ted.strauss"
"1_2928";"2928";"128";"Mike Graham"
"1_2930";"2930";"21";"user521469"
"1_2931";"2931";"118";"silvado"
"1_2935";"2935";"16";"benjamin"
"1_2938";"2938";"1905";"Jack Aidley"
"1_2939";"2939";"36";"Saraah Kaae"
"1_294";"294";"101";"Adam Zalcman"
"1_2940";"2940";"111";"Aaron Anodide"
"1_2942";"2942";"118";"Roman"
"1_2943";"2943";"6";"Alex"
"1_2944";"2944";"173";"Cat"
"1_2945";"2945";"121";"Urukec"
"1_2947";"2947";"113";"tacos_tacos_tacos"
"1_2949";"2949";"101";"Martin SchrÃ¶der"
"1_295";"295";"36";"Saeid Kadkhodaei"
"1_2952";"2952";"83";"User 17670"
"1_2954";"2954";"155";"5th"
"1_2956";"2956";"111";"erik"
"1_2957";"2957";"26";"user1909257"
"1_2958";"2958";"123";"deostroll"
"1_2961";"2961";"108";"Juhele"
"1_2962";"2962";"11";"Kyle"
"1_2967";"2967";"81";"user2967"
"1_2969";"2969";"28";"user2969"
"1_2971";"2971";"31";"user2001508"
"1_2972";"2972";"101";"s???s? ????"
"1_2973";"2973";"17";"user2973"
"1_2974";"2974";"121";"Ioanna"
"1_2975";"2975";"28";"OAhc"
"1_2977";"2977";"21";"Kim Dyaggnar"
"1_298";"298";"101";"Brightblades"
"1_2982";"2982";"123";"Daniele B"
"1_2985";"2985";"146";"mo."
"1_2987";"2987";"153";"tom"
"1_2988";"2988";"11";"Cyber-Logic"
"1_2989";"2989";"103";"Power-Inside"
"1_299";"299";"183";"Joe Clarke"
"1_2990";"2990";"16";"ejstronge"
"1_2993";"2993";"16";"user2993"
"1_2995";"2995";"111";"Lela Dax"
"1_2998";"2998";"21";"Avinash srivastava"
"1_3000";"3000";"21";"Fibonacci"
"1_3001";"3001";"78";"Dan.Riggins"
"1_3003";"3003";"11";"Roberto Santos"
"1_3004";"3004";"131";"Blessed Geek"
"1_3006";"3006";"26";"user3006"
"1_301";"301";"211";"a little don"
"1_3010";"3010";"71";"Francisco P."
"1_3011";"3011";"123";"Mark"
"1_3012";"3012";"40";"CornSmith"
"1_3013";"3013";"143";"Milo Chen"
"1_3016";"3016";"133";"Qbik"
"1_3020";"3020";"88";"Konrad Kording"
"1_3022";"3022";"46";"user3022"
"1_3023";"3023";"226";"AndyL"
"1_3025";"3025";"1";"james"
"1_3026";"3026";"61";"Alexandra"
"1_3029";"3029";"69";"bpeter"
"1_303";"303";"474";"Tobias Kienzler"
"1_3031";"3031";"13";"Jeff"
"1_3032";"3032";"321";"Brian"
"1_3034";"3034";"3";"lizhys"
"1_3035";"3035";"106";"Kasper"
"1_3037";"3037";"232";"mart"
"1_3039";"3039";"1";"user1788005"
"1_304";"304";"148";"Johannes Schaub - litb"
"1_3042";"3042";"105";"YAK"
"1_3043";"3043";"86";"Laura"
"1_3044";"3044";"11";"Rachel W"
"1_3045";"3045";"111";"user001"
"1_3046";"3046";"106";"Bernd Jendrissek"
"1_3047";"3047";"1";"nabil"
"1_3048";"3048";"113";"Volodymyr"
"1_3049";"3049";"111";"Cayetano GonÃ§alves"
"1_3052";"3052";"130";"arielschon12"
"1_3053";"3053";"965";"Drosophila"
"1_3054";"3054";"11";"user3054"
"1_3055";"3055";"130";"kashif"
"1_3057";"3057";"46";"Pavan Ramkumar"
"1_3058";"3058";"11";"Sharon"
"1_3059";"3059";"1874";"dd3"
"1_3061";"3061";"241";"nbogard"
"1_3062";"3062";"21";"just-a-student"
"1_3063";"3063";"61";"Piotr Chojnacki"
"1_3064";"3064";"108";"Gracchus"
"1_3066";"3066";"111";"Osiris Xu"
"1_3068";"3068";"56";"Dope Smokin' Doc"
"1_307";"307";"3361";"LanceLafontaine"
"1_3072";"3072";"146";"Srikant Krishna"
"1_3073";"3073";"113";"Gigi"
"1_3074";"3074";"168";"user34790"
"1_3077";"3077";"106";"constantius"
"1_308";"308";"159";"Werner Schmitt"
"1_3082";"3082";"35";"Armacino"
"1_3085";"3085";"6";"user3085"
"1_3087";"3087";"1";"skymningen"
"1_3088";"3088";"121";"thiton"
"1_3089";"3089";"118";"Flethuseo"
"1_3090";"3090";"53";"Abigailb55"
"1_3091";"3091";"18";"Damien Bezborodov"
"1_3094";"3094";"99";"Peter Salazar"
"1_3096";"3096";"11";"Kim Amburgey"
"1_3097";"3097";"116";"Prabhu"
"1_3098";"3098";"9";"user129789"
"1_3099";"3099";"36";"user3099"
"1_31";"31";"659";"Ctina"
"1_3100";"3100";"6";"Tull Pung"
"1_3103";"3103";"101";"Amr"
"1_3109";"3109";"6";"Susanta"
"1_3111";"3111";"31";"Knighthammer7564"
"1_3112";"3112";"14";"bornie"
"1_3114";"3114";"101";"Erik Garrison"
"1_3115";"3115";"16";"Max D."
"1_3116";"3116";"143";"m3th0dman"
"1_3117";"3117";"119";"Brock Adams"
"1_3118";"3118";"232";"Derfder"
"1_3119";"3119";"361";"suvidu"
"1_312";"312";"153";"arik-so"
"1_3122";"3122";"36";"Karn Ratana"
"1_3124";"3124";"16";"osazuwa"
"1_3125";"3125";"4";"ChickenHead"
"1_3129";"3129";"6";"John Smith"
"1_313";"313";"136";"chkuo"
"1_3132";"3132";"118";"rold2007"
"1_3134";"3134";"1";"Sheila Nathans"
"1_3136";"3136";"118";"Charles Wesley"
"1_3138";"3138";"23";"xyz"
"1_3139";"3139";"117";"ohcanada"
"1_314";"314";"148";"leo"
"1_3140";"3140";"111";"Sidharth Mudgal"
"1_3141";"3141";"192";"laggingreflex"
"1_3142";"3142";"13";"user3142"
"1_3146";"3146";"128";"Dheeraj V.S."
"1_3150";"3150";"36";"user1375973"
"1_3151";"3151";"1";"Kyzasoze"
"1_3156";"3156";"66";"user3156"
"1_3158";"3158";"16";"Math's"
"1_316";"316";"146";"Nick Wiggill"
"1_3161";"3161";"1";"user120929"
"1_3162";"3162";"101";"Robert Jones"
"1_3163";"3163";"8";"NoIdeaWhatImDoing"
"1_3164";"3164";"131";"grvpanchal"
"1_3169";"3169";"3";"TestGuest"
"1_3170";"3170";"11";"Aaron Lin"
"1_3173";"3173";"113";"static"
"1_3174";"3174";"41";"interguru"
"1_3175";"3175";"3";"Angstrem"
"1_3176";"3176";"18";"ScienceOLY1998"
"1_3178";"3178";"123";"Kate"
"1_3179";"3179";"108";"Ave Maleficum"
"1_318";"318";"36";"Paul"
"1_3180";"3180";"138";"user3180"
"1_3184";"3184";"131";"John"
"1_3186";"3186";"118";"Chris Cooney"
"1_3189";"3189";"108";"DarkLightA"
"1_3191";"3191";"111";"ncRubert"
"1_3196";"3196";"61";"Dan D."
"1_3197";"3197";"113";"demas"
"1_3198";"3198";"118";"Bram Vanroy"
"1_320";"320";"126";"Matthew Flaschen"
"1_3200";"3200";"13";"Kitkat"
"1_3203";"3203";"131";"Camilo Arosemena"
"1_3204";"3204";"143";"Eric Smith"
"1_3207";"3207";"11";"Josh Vo"
"1_3208";"3208";"118";"Matt Fenwick"
"1_321";"321";"136";"khoomeister"
"1_3218";"3218";"106";"Martin DÃ¼rrmeier"
"1_322";"322";"76";"LifeWorks"
"1_3220";"3220";"286";"John Rennie"
"1_3221";"3221";"1";"Tripti Sharma"
"1_3227";"3227";"116";"ChickenGod"
"1_3228";"3228";"143";"Violet Giraffe"
"1_3230";"3230";"53";"Medhat Helmy"
"1_3231";"3231";"46";"Foo Bar"
"1_3232";"3232";"71";"GPI"
"1_3236";"3236";"131";"kuwaly"
"1_3239";"3239";"6";"Guest1984"
"1_324";"324";"243";"Bugster"
"1_3240";"3240";"6";"Alessandro"
"1_3241";"3241";"196";"lejonet"
"1_3242";"3242";"6";"user3054"
"1_3247";"3247";"300";"Kevin"
"1_3248";"3248";"97";"909 Niklas"
"1_325";"325";"101";"Jon"
"1_3253";"3253";"106";"Dima"
"1_3254";"3254";"141";"Tobia"
"1_3255";"3255";"116";"Lee Whitney"
"1_3258";"3258";"63";"Stockfisch"
"1_3261";"3261";"631";"relf20"
"1_3262";"3262";"292";"NeoDevlin"
"1_3264";"3264";"11";"Matt Thornton"
"1_3266";"3266";"21";"Joy-El"
"1_3269";"3269";"21";"lenny"
"1_327";"327";"228";"Andreas"
"1_3271";"3271";"106";"Kate Zen"
"1_3272";"3272";"121";"bill berlington"
"1_3276";"3276";"116";"luchosrock"
"1_3280";"3280";"106";"Sunny Reborn Pony"
"1_3282";"3282";"121";"Roman"
"1_3284";"3284";"101";"Max M"
"1_3287";"3287";"191";"Sherwood Botsford"
"1_3292";"3292";"120";"Jeff Axelrod"
"1_3294";"3294";"101";"Skyler"
"1_3296";"3296";"133";"sandalone"
"1_3299";"3299";"101";"BobStein-VisiBone"
"1_3302";"3302";"153";"Largh"
"1_3308";"3308";"21";"Mike"
"1_3310";"3310";"121";"Val"
"1_3311";"3311";"101";"SparKot ?"
"1_3315";"3315";"125";"0xC0000022L"
"1_3316";"3316";"11";"Shaun"
"1_3318";"3318";"101";"Xitcod13"
"1_3320";"3320";"116";"doctorate"
"1_3322";"3322";"123";"Aram Alipoor"
"1_3323";"3323";"51";"gvdr"
"1_3324";"3324";"101";"Sosi"
"1_3325";"3325";"141";"Crystal Jacobs"
"1_3329";"3329";"3";"neOh"
"1_333";"333";"59";"Ebvirus"
"1_3331";"3331";"125";"Dan Webster"
"1_3332";"3332";"1";"jKzHcH"
"1_3336";"3336";"502";"Ryan"
"1_3338";"3338";"125";"RRs_Ghost"
"1_3339";"3339";"1";"Shajer Manzoor"
"1_3340";"3340";"3916";"WYSIWYG"
"1_3342";"3342";"1";"Gaga Gabagugu"
"1_3347";"3347";"111";"Nathaniel"
"1_3348";"3348";"31";"Lauren"
"1_3350";"3350";"126";"sharp12345"
"1_3353";"3353";"1";"kittensatplay"
"1_3358";"3358";"11";"Veronica Zelmanovich"
"1_336";"336";"101";"ruakh"
"1_3362";"3362";"111";"foregon"
"1_3363";"3363";"108";"AurÃ©lien Ooms"
"1_3364";"3364";"11";"David R."
"1_3366";"3366";"111";"zeel"
"1_3367";"3367";"97";"????????????"
"1_3369";"3369";"6";"Craig"
"1_337";"337";"111";"Wendy"
"1_3370";"3370";"383";"mike"
"1_3371";"3371";"1";"Cyrus"
"1_3373";"3373";"1";"Parth Ghetia"
"1_3376";"3376";"6";"Hummus"
"1_338";"338";"1335";"jmusser"
"1_3382";"3382";"138";"Will Perry"
"1_3384";"3384";"334";"violadaprile"
"1_3385";"3385";"106";"Kaish"
"1_3386";"3386";"1";"shine"
"1_3388";"3388";"19";"solimanelefant"
"1_3389";"3389";"124";"RHT"
"1_339";"339";"124";"AWE"
"1_3393";"3393";"138";"RhysW"
"1_3394";"3394";"384";"biozic"
"1_3395";"3395";"246";"Glen The Udderboat"
"1_3396";"3396";"51";"user3396"
"1_3397";"3397";"11";"Bin Wu"
"1_34";"34";"764";"Jonas"
"1_340";"340";"405";"back2dos"
"1_3401";"3401";"211";"DaleyPaley"
"1_3403";"3403";"111";"user1027169"
"1_3415";"3415";"11";"student441"
"1_3419";"3419";"133";"Aaron Schif"
"1_342";"342";"62";"MICHAEL TAYLOR"
"1_3425";"3425";"108";"Hal Canary"
"1_3427";"3427";"11";"Ann"
"1_3429";"3429";"113";"Dave"
"1_3431";"3431";"118";"Cam"
"1_3433";"3433";"111";"Sean Mackesey"
"1_344";"344";"169";"Joshua"
"1_3440";"3440";"18";"Mitten"
"1_3441";"3441";"21";"sherlyn"
"1_3442";"3442";"1";"Nieves"
"1_3444";"3444";"11";"ahhsad"
"1_3445";"3445";"46";"Arhopala"
"1_345";"345";"106";"mmoment"
"1_3450";"3450";"111";"user32240"
"1_3458";"3458";"38";"0xFFF1"
"1_3459";"3459";"61";"Carmen Sandoval"
"1_3460";"3460";"789";"Alexander D. Scouras"
"1_3461";"3461";"8";"mcmahon.an"
"1_3462";"3462";"115";"dk123"
"1_3463";"3463";"6";"5ives"
"1_3464";"3464";"1";"Pip"
"1_3465";"3465";"293";"dayuloli"
"1_3466";"3466";"155";"unsel"
"1_3469";"3469";"1";"Dawn"
"1_3470";"3470";"9";"Timothy Dargen"
"1_3474";"3474";"158";"ktm5124"
"1_3475";"3475";"101";"Orion"
"1_3476";"3476";"108";"Salvador Dali"
"1_3484";"3484";"143";"Eric"
"1_349";"349";"201";"knb"
"1_3490";"3490";"8";"Klaudia Lisowska"
"1_3491";"3491";"126";"Marcos"
"1_35";"35";"158";"Daniel"
"1_3500";"3500";"140";"user1357015"
"1_3501";"3501";"111";"Jefromi"
"1_3503";"3503";"108";"Throsby"
"1_3504";"3504";"11";"jd01111"
"1_3506";"3506";"101";"Ofri Raviv"
"1_3511";"3511";"106";"spraff"
"1_3514";"3514";"165";"RyanM"
"1_3515";"3515";"6";"John Smith"
"1_3516";"3516";"1";"user3516"
"1_352";"352";"275";"Problemaniac"
"1_3521";"3521";"1";"Marcia"
"1_3523";"3523";"374";"Mattia Rovetta"
"1_3527";"3527";"26";"FredAdler"
"1_3530";"3530";"104";"Bandrush Barda"
"1_3531";"3531";"1";"owzim"
"1_3533";"3533";"233";"Xaqron"
"1_3534";"3534";"133";"Anonymous"
"1_3535";"3535";"173";"nic"
"1_3536";"3536";"11";"user3536"
"1_3537";"3537";"28";"John"
"1_3538";"3538";"38";"user7924"
"1_3541";"3541";"21";"Ashu"
"1_3544";"3544";"1";"Biology Exams 4 U"
"1_3545";"3545";"43";"Sir Quill"
"1_3548";"3548";"41";"Blank"
"1_3549";"3549";"13";"Unistudent9"
"1_355";"355";"109";"Peter Mortensen"
"1_3550";"3550";"131";"Django Reinhardt"
"1_3553";"3553";"484";"Good Gravy"
"1_3554";"3554";"18";"Wendy Cruz"
"1_3555";"3555";"11";"Suman Bhandary"
"1_3557";"3557";"106";"Vaibhav Jain"
"1_3558";"3558";"19";"dee"
"1_3559";"3559";"133";"SinisterMJ"
"1_3562";"3562";"21";"Dave"
"1_3563";"3563";"113";"hcris"
"1_3564";"3564";"1";"MonteCristo"
"1_3569";"3569";"11";"user1095332"
"1_3570";"3570";"191";"Shrein"
"1_3571";"3571";"31";"Ian Dalton"
"1_3575";"3575";"14";"Pollux"
"1_3577";"3577";"121";"George Reith"
"1_3578";"3578";"328";"timcdlucas"
"1_3579";"3579";"11";"user3579"
"1_3580";"3580";"1";"radionoob"
"1_3583";"3583";"162";"w128"
"1_3586";"3586";"21";"user1134894"
"1_3587";"3587";"111";"Marco Howard Valencia"
"1_3589";"3589";"158";"Thomas White"
"1_359";"359";"76";"NicoBxl"
"1_3592";"3592";"101";"Quispiam"
"1_3593";"3593";"6";"Gabe"
"1_3597";"3597";"41";"icyreaction"
"1_3599";"3599";"6";"prussiap"
"1_36";"36";"552";"agrimaldi"
"1_3604";"3604";"1";"user3604"
"1_3605";"3605";"6";"Brazer"
"1_3606";"3606";"6";"user3606"
"1_3607";"3607";"8";"Bernard Tetti"
"1_3608";"3608";"101";"R.."
"1_3609";"3609";"16";"Heidi Garcia"
"1_3614";"3614";"128";"Lars Holdgaard"
"1_3615";"3615";"2379";"biogirl"
"1_3617";"3617";"6";"Mohammad"
"1_3619";"3619";"101";"Mark B"
"1_3622";"3622";"28";"Techno_Wizard"
"1_3624";"3624";"2165";"fileunderwater"
"1_3625";"3625";"114";"ftt"
"1_3627";"3627";"123";"Ovi"
"1_3630";"3630";"21";"karpuz"
"1_3631";"3631";"674";"Chinmay Kanchi"
"1_3632";"3632";"16659";"shigeta"
"1_3635";"3635";"111";"Sironsse"
"1_3638";"3638";"1";"hardmooth"
"1_364";"364";"51";"Jeremy"
"1_3647";"3647";"25";"iOraelosi"
"1_3648";"3648";"1";"user3648"
"1_3651";"3651";"101";"amc"
"1_3657";"3657";"336";"Cobblestone"
"1_3660";"3660";"129";"Adeetya"
"1_3661";"3661";"1";"marc verhaegen"
"1_3664";"3664";"106";"Fischer"
"1_3665";"3665";"116";"Trancot"
"1_3668";"3668";"128";"leokhorn"
"1_3669";"3669";"6";"Concerned undergraduate"
"1_367";"367";"101";"Claus"
"1_3672";"3672";"161";"Ronald "
"1_3673";"3673";"121";"Noam Ross"
"1_3674";"3674";"161";"Ove Ã˜yÃ¥s"
"1_3677";"3677";"109";"mscha"
"1_368";"368";"710";"Ultimate Gobblement"
"1_3681";"3681";"101";"Tyler"
"1_3683";"3683";"108";"Bitrex"
"1_3695";"3695";"36";"user3695"
"1_37";"37";"163";"Will Townes"
"1_370";"370";"101";"MatthewMartin"
"1_3700";"3700";"113";"Daniel Ball"
"1_3701";"3701";"1";"faz"
"1_3702";"3702";"101";"ChrisR"
"1_3703";"3703";"121";"inf3rno"
"1_3711";"3711";"58";"Sandro Johanides"
"1_3712";"3712";"113";"Ohad Dan"
"1_3713";"3713";"136";"Southpaw Hare"
"1_3715";"3715";"1";"nolan"
"1_3718";"3718";"31";"Daniel O'Connell"
"1_3720";"3720";"11";"venkata krishna"
"1_3721";"3721";"131";"Chad"
"1_3722";"3722";"113";"Jeremy Holovacs"
"1_3723";"3723";"46";"eclectica"
"1_3724";"3724";"101";"user172818"
"1_3725";"3725";"103";"CodeGuy"
"1_3731";"3731";"178";"monty0"
"1_3737";"3737";"11";"jeffrey"
"1_3739";"3739";"121";"Ranco"
"1_374";"374";"101";"Anna Lear"
"1_3743";"3743";"13";"Evanbbb"
"1_3749";"3749";"26";"Cris"
"1_3750";"3750";"21";"me2"
"1_3751";"3751";"229";"REACHUS"
"1_3752";"3752";"33";"Joey"
"1_3758";"3758";"11";"notjustalabtech"
"1_3760";"3760";"26";"user3760"
"1_3761";"3761";"20";"Shawn"
"1_3762";"3762";"11";"dgg32"
"1_3763";"3763";"23";"user11750"
"1_3767";"3767";"6";"Lauren Muller"
"1_377";"377";"158";"Mark Probst"
"1_3770";"3770";"28";"Jim Ericson"
"1_3773";"3773";"166";"John"
"1_3775";"3775";"45";"tky"
"1_3776";"3776";"1881";"Satwik Pasani"
"1_3777";"3777";"6";"Debbie"
"1_3778";"3778";"103";"kjo"
"1_3782";"3782";"27";"Someone"
"1_3784";"3784";"106";"a cell"
"1_3788";"3788";"111";"Alex"
"1_3789";"3789";"1";"Aj521"
"1_3793";"3793";"106";"ctapobep"
"1_3798";"3798";"134";"vsz"
"1_38";"38";"206";"Tyler"
"1_380";"380";"41";"user380"
"1_3800";"3800";"93";"Neophyte"
"1_3801";"3801";"11";"Fab"
"1_3806";"3806";"18";"sammy"
"1_3807";"3807";"119";"user1873"
"1_3809";"3809";"121";"Zetta Suro"
"1_3813";"3813";"6";"user3813"
"1_382";"382";"38";"temi382"
"1_3822";"3822";"9";"Joanne Kamens"
"1_3824";"3824";"282";"seaotternerd"
"1_3825";"3825";"16";"susan"
"1_3827";"3827";"686";"skymninge"
"1_3829";"3829";"49";"higgs241"
"1_3830";"3830";"111";"Aerovistae"
"1_3835";"3835";"9";"Andra Deanu"
"1_3839";"3839";"156";"Miroslav Sabo"
"1_3841";"3841";"97";"gaurav_jain"
"1_3842";"3842";"26";"arlin"
"1_3845";"3845";"108";"act00"
"1_3848";"3848";"151";"Radu R?deanu"
"1_3850";"3850";"6";"jackopen"
"1_3851";"3851";"11";"Marcellus"
"1_3854";"3854";"1";"Victor Barbarosh"
"1_3857";"3857";"101";"Gaurav Kumar Arora"
"1_3859";"3859";"48";"karpuz"
"1_3860";"3860";"28";"John"
"1_3861";"3861";"1";"HIV"
"1_3864";"3864";"100";"Stella Dimitrova"
"1_3867";"3867";"111";"Ben"
"1_3869";"3869";"146";"Randy"
"1_387";"387";"101";"David Cary"
"1_3871";"3871";"128";"Tom Anderson"
"1_3872";"3872";"106";"sam"
"1_3879";"3879";"11";"user3879"
"1_3880";"3880";"16";"rorance_"
"1_3881";"3881";"37";"Abdullah"
"1_3883";"3883";"1";"Ammy"
"1_3885";"3885";"126";"Daniel"
"1_3887";"3887";"220";"jwillis0720"
"1_3888";"3888";"23";"jimbotron"
"1_389";"389";"4070";"bobthejoe"
"1_3890";"3890";"11";"Lynn"
"1_3892";"3892";"13";"Lotus"
"1_3893";"3893";"81";"user3893"
"1_3894";"3894";"145";"??c UltraSoft"
"1_3895";"3895";"1";"Sarang S Selote"
"1_3897";"3897";"1";"nishi"
"1_3898";"3898";"101";"horchler"
"1_3900";"3900";"1";"Rohil Jain"
"1_3901";"3901";"38";"mrgorefest"
"1_3903";"3903";"8";"Lesbihonest"
"1_3905";"3905";"101";"Caleb"
"1_3906";"3906";"113";"PeteGO"
"1_3907";"3907";"1";"user3907"
"1_3910";"3910";"116";"Dane"
"1_3917";"3917";"4";"RamanDeep Singh"
"1_3918";"3918";"155";"KharoBangdo"
"1_392";"392";"38";"Nadja"
"1_3920";"3920";"173";"Naum"
"1_3921";"3921";"1";"Hodgins"
"1_3922";"3922";"68";"highBandWidth"
"1_3927";"3927";"126";"Mike Izbicki"
"1_393";"393";"239";"Matthew Patrick Cashatt"
"1_3930";"3930";"126";"twid"
"1_3932";"3932";"18";"user1155386"
"1_3934";"3934";"1162";"Brandon Invergo"
"1_3935";"3935";"113";"Four_0h_Three"
"1_3936";"3936";"6";"user3936"
"1_3937";"3937";"106";"Richard"
"1_3939";"3939";"3";"Marcos Scriven"
"1_3940";"3940";"1";"user3940"
"1_3941";"3941";"128";"R_User"
"1_3942";"3942";"48";"Richard Webb"
"1_3943";"3943";"101";"Vincent Vancalbergh"
"1_3949";"3949";"1";"user3949"
"1_395";"395";"111";"Zenon"
"1_3952";"3952";"2361";"Oreotrephes"
"1_3956";"3956";"130";"Martin"
"1_3957";"3957";"1";"bill"
"1_3960";"3960";"31";"Nigel Fongster"
"1_3963";"3963";"106";"Rein"
"1_3966";"3966";"136";"Daniela Diaz"
"1_3969";"3969";"101";"Larry OBrien"
"1_397";"397";"424";"stoicfury"
"1_3970";"3970";"208";"fredsbend"
"1_3971";"3971";"1856";"Atl LED"
"1_3972";"3972";"115";"Usman Mutawakil"
"1_3973";"3973";"111";"sg-lecram"
"1_3980";"3980";"108";"Twilight Sparkle"
"1_3981";"3981";"23";"trigun99"
"1_3982";"3982";"106";"vertigoelectric"
"1_3983";"3983";"11";"VincentB"
"1_3986";"3986";"111";"A.M."
"1_3987";"3987";"11";"pepe84"
"1_3989";"3989";"113";"Isopycnal Oscillation"
"1_3990";"3990";"51";"solanum_lycopersicum"
"1_3991";"3991";"1";"sk1"
"1_3997";"3997";"108";"Ellen"
"1_3998";"3998";"150";"Dev Kanchen"
"1_400";"400";"175";"Vass"
"1_4003";"4003";"110";"Zurechtweiser"
"1_4006";"4006";"13";"SebastiÃ¡n Molina"
"1_4007";"4007";"14";"user4007"
"1_4011";"4011";"1";"user4011"
"1_4012";"4012";"101";"Tapas Bose"
"1_4013";"4013";"97";"Gerard"
"1_4014";"4014";"16";"juan topo"
"1_4015";"4015";"111";"yoavram"
"1_4016";"4016";"111";"WoJ"
"1_4019";"4019";"108";"Justin808"
"1_4021";"4021";"1";"Jack"
"1_4022";"4022";"106";"Chase"
"1_4025";"4025";"46";"Jan"
"1_4026";"4026";"116";"Michael Lai"
"1_4028";"4028";"111";"Galaxy"
"1_403";"403";"161";"Alexander"
"1_4031";"4031";"15";"Gabe"
"1_4033";"4033";"11";"bam54"
"1_4036";"4036";"93";"user27221"
"1_4037";"4037";"183";"Blem"
"1_4041";"4041";"116";"Ali"
"1_4046";"4046";"101";"ghoppe"
"1_4048";"4048";"108";"lonewookie"
"1_4049";"4049";"101";"Jim Green"
"1_405";"405";"133";"Uli"
"1_4053";"4053";"122";"Fixed Point"
"1_4054";"4054";"121";"Grady Player"
"1_4057";"4057";"6";"Enzo"
"1_4058";"4058";"49";"user4058"
"1_4059";"4059";"101";"koko"
"1_4060";"4060";"1";"user2334921"
"1_4061";"4061";"101";"user1281385"
"1_4064";"4064";"18";"cesargastonec"
"1_4066";"4066";"101";"Optimight"
"1_4068";"4068";"18";"WillumMaguire"
"1_4069";"4069";"51";"Dr Ray Ritchie"
"1_407";"407";"146";"user701510"
"1_4070";"4070";"11";"Analogue girl"
"1_4071";"4071";"18";"svetlyo"
"1_4076";"4076";"11";"Arunchunaivendan Pugazhendi"
"1_4079";"4079";"7";"siddhu99"
"1_408";"408";"517";"Anixx"
"1_4080";"4080";"118";"zoran404"
"1_4086";"4086";"46";"Kristy"
"1_4087";"4087";"6";"?nci siker"
"1_4089";"4089";"26";"Cristian RomÃ¡n"
"1_409";"409";"101";"Tomas"
"1_4090";"4090";"1";"Ramkumar Ganguly"
"1_4092";"4092";"6";"zetacarottt"
"1_4095";"4095";"99";"John Eastmond"
"1_4098";"4098";"21";"bsubspore"
"1_4099";"4099";"6";"pankdora"
"1_41";"41";"161";"AnnaF"
"1_410";"410";"181";"pikk"
"1_4101";"4101";"5280";"Amory"
"1_4102";"4102";"1";"RÃ©jane"
"1_4104";"4104";"148";"Donkey_2009"
"1_4106";"4106";"6";"Markus"
"1_4107";"4107";"8";"PROGRAM_IX"
"1_4108";"4108";"3504";"Remi.b"
"1_4109";"4109";"352";"Jeremy Kemball"
"1_411";"411";"111";"Neil G"
"1_4112";"4112";"101";"Sparhawk"
"1_4113";"4113";"16";"Koukoulafa"
"1_4116";"4116";"111";"atrichornis"
"1_4117";"4117";"41";"Hamish McWilliam"
"1_4118";"4118";"1";"malumno"
"1_4123";"4123";"131";"rook"
"1_4128";"4128";"8";"Shuvaban Dey "
"1_4130";"4130";"125";"0x499602D2"
"1_4132";"4132";"1";"S Graham"
"1_4134";"4134";"118";"MasNotsram"
"1_4136";"4136";"60";"Mys_721tx"
"1_4138";"4138";"109";"Eric Frick"
"1_4139";"4139";"138";"Dr. T"
"1_414";"414";"148";"justausr"
"1_4140";"4140";"458";"J. Alfred Prufrock"
"1_4142";"4142";"1";"VonBeche"
"1_4150";"4150";"147";"user437158"
"1_4151";"4151";"18";"Berecz_Fereng"
"1_4154";"4154";"101";"skyde"
"1_4155";"4155";"25";"StephenChen"
"1_4157";"4157";"3";"KineticBiology"
"1_4160";"4160";"101";"tig"
"1_4161";"4161";"21";"Peyton"
"1_4163";"4163";"121";"Miroslav Zadravec"
"1_4166";"4166";"6";"Erik Redburn"
"1_4168";"4168";"1317";"Miguel Ãngel Naranjo Ortiz"
"1_4170";"4170";"108";"Zerotoinfinite"
"1_4172";"4172";"21";"user4172"
"1_4175";"4175";"46";"user2651043"
"1_4176";"4176";"26";"Robert Ekblom"
"1_4177";"4177";"931";"gchadwick"
"1_4178";"4178";"1";"user4178"
"1_4180";"4180";"26";"bearMountain"
"1_4182";"4182";"351";"Snipergirl"
"1_4183";"4183";"118";"Alan H."
"1_4186";"4186";"148";"porton"
"1_4188";"4188";"106";"Rasmus Larsen"
"1_4191";"4191";"111";"some1.new4u"
"1_4192";"4192";"113";"Mayank Jain"
"1_4194";"4194";"36";"Cuana"
"1_4195";"4195";"118";"whitman"
"1_4197";"4197";"11";"sahar"
"1_4199";"4199";"605";"von Mises"
"1_42";"42";"373";"C. Lawrence Wenham"
"1_420";"420";"133";"FrankH"
"1_4201";"4201";"1";"Vincent Zhuang"
"1_4202";"4202";"88";"lmmx"
"1_4203";"4203";"101";"Owen Maresh"
"1_4206";"4206";"148";"Ehsan Abd"
"1_4208";"4208";"131";"user"
"1_4209";"4209";"117";"EngrStudent"
"1_421";"421";"158";"lamwaiman1988"
"1_4213";"4213";"1";"Aad Pors"
"1_4216";"4216";"576";"Ram Manohar M"
"1_422";"422";"101";"Oliver_C"
"1_4221";"4221";"61";"John Blischak"
"1_4222";"4222";"11";"Till Heistermann"
"1_4224";"4224";"13";"Chris MacDonald"
"1_4226";"4226";"31";"Craig Pemberton"
"1_4227";"4227";"133";"william44isme"
"1_4228";"4228";"466";"Gossar"
"1_4229";"4229";"108";"Marius ÂŽil?nas"
"1_423";"423";"241";"SamtheBrand"
"1_4235";"4235";"101";"Gerard"
"1_4237";"4237";"123";"Ian Durkan"
"1_4240";"4240";"113";"James Jenkins"
"1_4241";"4241";"1";"user4241"
"1_4242";"4242";"151";"FlyingFrog"
"1_4243";"4243";"1";"john"
"1_4246";"4246";"111";"sliders_alpha"
"1_4249";"4249";"121";"hwlau"
"1_4252";"4252";"126";"Michael Papile"
"1_4254";"4254";"243";"Greek Fellows"
"1_4256";"4256";"116";"Enno Shioji"
"1_4257";"4257";"127";"rlib"
"1_4258";"4258";"106";"Rabbit"
"1_4259";"4259";"108";"Shmoopy"
"1_4260";"4260";"16";"anvSnMusater"
"1_4261";"4261";"113";"user1167442"
"1_4263";"4263";"13";"Justin"
"1_4264";"4264";"101";"Jan Dvorak"
"1_4274";"4274";"16";"user10739"
"1_4276";"4276";"11";"Kevril"
"1_4279";"4279";"8";"acharuva"
"1_4280";"4280";"21";"Rachel"
"1_4281";"4281";"6";"user4281"
"1_4283";"4283";"141";"Ayesha"
"1_4285";"4285";"3";"Lincoln"
"1_4288";"4288";"1";"Voghan"
"1_4291";"4291";"11";"OLEG"
"1_4292";"4292";"118";"Reacen"
"1_4293";"4293";"13";"Haley Freeman"
"1_4297";"4297";"1";"ben"
"1_43";"43";"3024";"Daniel Standage"
"1_430";"430";"6271";"Richard Smith"
"1_4300";"4300";"108";"Roman Pokrovskij"
"1_4303";"4303";"11";"user4303"
"1_4306";"4306";"35";"Hanieh"
"1_4310";"4310";"13";"Andreas Zollmann"
"1_4313";"4313";"41";"estelle.chslp"
"1_4316";"4316";"101";"Madara Uchiha"
"1_4319";"4319";"106";"Goodwine"
"1_4321";"4321";"160";"Kevin Kostlan"
"1_4323";"4323";"122";"S.Sunil"
"1_4326";"4326";"1";"Iridescent"
"1_4328";"4328";"103";"Jerry Dodge"
"1_4330";"4330";"13";"fawkes"
"1_4333";"4333";"18";"dodopod"
"1_4335";"4335";"101";"beroe"
"1_4337";"4337";"1";"Zachary H"
"1_4339";"4339";"6";"Andre"
"1_434";"434";"71";"jul"
"1_4340";"4340";"16";"Angelo"
"1_4342";"4342";"161";"Erin"
"1_4344";"4344";"113";"eidylon"
"1_4345";"4345";"1";"finnish cat"
"1_4346";"4346";"116";"Anonymous"
"1_4347";"4347";"144";"XL _at_China"
"1_4349";"4349";"118";"Geobits"
"1_435";"435";"19";"Martha"
"1_4351";"4351";"1";"Researcher"
"1_4355";"4355";"21";"user2731437"
"1_4357";"4357";"15";"Jason"
"1_4358";"4358";"121";"davidjhp"
"1_4360";"4360";"6";"user4360"
"1_4367";"4367";"21";"Kevin"
"1_437";"437";"21";"jrkelly"
"1_4370";"4370";"11";"Eszter"
"1_4375";"4375";"1";"Albert Ko"
"1_4376";"4376";"90";"Alex markston"
"1_4377";"4377";"7";"Qamar Raza Qadri"
"1_4378";"4378";"121";"Memor-X"
"1_4379";"4379";"16";"Kevin Welke"
"1_438";"438";"175";"Hector"
"1_4385";"4385";"151";"FormlessCloud"
"1_4386";"4386";"9";"pandita"
"1_4387";"4387";"126";"area51"
"1_4388";"4388";"101";"Mlagma"
"1_4394";"4394";"11";"Felis silvestris"
"1_4396";"4396";"108";"Bananach"
"1_44";"44";"258";"ablmf"
"1_440";"440";"41";"ugoren"
"1_4403";"4403";"26";"Sagar"
"1_4405";"4405";"113";"AgostinoX"
"1_4407";"4407";"21";"Matt Ray"
"1_4409";"4409";"7";"sesquized"
"1_4410";"4410";"13";"user4410"
"1_4413";"4413";"6";"miretchin"
"1_4414";"4414";"1";"paul"
"1_4418";"4418";"8";"lereri"
"1_4419";"4419";"111";"Quora Feans"
"1_4420";"4420";"111";"Anna"
"1_4421";"4421";"108";"Xeos"
"1_4422";"4422";"101";"Skyhawk"
"1_4423";"4423";"15";"tondog"
"1_4424";"4424";"6";"noonoo"
"1_4425";"4425";"45";"The Shift Exchange"
"1_4427";"4427";"213";"xuanji"
"1_4428";"4428";"96";"John Johnson"
"1_4431";"4431";"118";"Eric"
"1_4433";"4433";"73";"Jasand Pruski"
"1_4435";"4435";"21";"beta 36"
"1_4436";"4436";"113";"user2606722"
"1_444";"444";"2900";"Gianpaolo R"
"1_4440";"4440";"113";"Kieran Cooney"
"1_4442";"4442";"13";"peter cai"
"1_4446";"4446";"16";"Mai"
"1_4447";"4447";"106";"dvok"
"1_4449";"4449";"26";"user4449"
"1_445";"445";"1260";"StephUnna"
"1_4453";"4453";"11";"Fab"
"1_4457";"4457";"16";"Vishwanath Maralingannavar"
"1_4458";"4458";"111";"flippex17"
"1_4461";"4461";"3";"SaiKanth K"
"1_4464";"4464";"131";"Umi"
"1_4466";"4466";"101";"LePressentiment"
"1_4469";"4469";"1";"Khani"
"1_447";"447";"101";"dmckee"
"1_4471";"4471";"133";"Ian Mateus"
"1_4473";"4473";"1";"John"
"1_4477";"4477";"13";"Bob"
"1_4478";"4478";"141";"Greg"
"1_4480";"4480";"16";"ak352"
"1_4481";"4481";"11";"user4481"
"1_4482";"4482";"126";"ktamlyn"
"1_4483";"4483";"113";"Benjamin"
"1_4488";"4488";"143";"mj_"
"1_4489";"4489";"16";"sheep"
"1_4491";"4491";"46";"C.Colden"
"1_4497";"4497";"85";"Flux"
"1_4498";"4498";"116";"Josh"
"1_45";"45";"623";"Hauser"
"1_4505";"4505";"14";"Justin Oh"
"1_4506";"4506";"66";"Meredith Wadman"
"1_4508";"4508";"101";"damien"
"1_451";"451";"118";"Jeromy Anglim"
"1_4510";"4510";"75";"Don"
"1_4518";"4518";"161";"Articuno"
"1_4519";"4519";"46";"user4519"
"1_452";"452";"284";"Tim Smith"
"1_4520";"4520";"11";"DRG"
"1_4524";"4524";"21";"Sohum"
"1_4525";"4525";"21";"UriP"
"1_4526";"4526";"106";"guru"
"1_4527";"4527";"21";"khhsocratica"
"1_4531";"4531";"111";"Matrix"
"1_4535";"4535";"101";"stharward"
"1_4537";"4537";"11";"Biochemistry Student"
"1_4539";"4539";"116";"cpendlebury"
"1_4541";"4541";"7";"Smith"
"1_4547";"4547";"559";"Pradeep S"
"1_455";"455";"57";"Ramkryp"
"1_4550";"4550";"118";"?affael"
"1_4551";"4551";"304";"dmm"
"1_4553";"4553";"21";"Ayeh Sadr"
"1_4556";"4556";"1";"Tom Ball"
"1_4557";"4557";"35";"arao6"
"1_456";"456";"101";"Amanda"
"1_4561";"4561";"13";"David"
"1_4562";"4562";"20";"Laura"
"1_4564";"4564";"31";"user4564"
"1_4566";"4566";"5";"Effector Dhanushanth"
"1_4568";"4568";"21";"Bantha"
"1_4570";"4570";"11";"Chaff"
"1_4572";"4572";"113";"Dominic"
"1_4578";"4578";"11";"Richard A. SchÃ¤fer"
"1_4579";"4579";"1009";"har-wradim"
"1_4582";"4582";"11";"Dave"
"1_4587";"4587";"46";"Kisunminttu"
"1_4590";"4590";"11";"Ahirbhairav"
"1_4592";"4592";"111";"Irene Adler"
"1_4593";"4593";"30";"Piesel"
"1_46";"46";"171";"UnbanRonMaimon"
"1_460";"460";"1139";"Memming"
"1_4601";"4601";"1";"Rouke"
"1_4607";"4607";"21";"Nxcho"
"1_4608";"4608";"104";"perpetuity"
"1_461";"461";"101";"naught101"
"1_4612";"4612";"136";"losthorse"
"1_4615";"4615";"3";"James Blue"
"1_4617";"4617";"131";"Ben Crowell"
"1_4618";"4618";"111";"Slater Tyranus"
"1_462";"462";"141";"Biff MaGriff"
"1_4629";"4629";"10";"PIP"
"1_4630";"4630";"1";"Waqar Ahmad"
"1_4633";"4633";"114";"TND"
"1_4635";"4635";"11";"phil"
"1_4637";"4637";"1";"Joe Varghese"
"1_464";"464";"161";"Supuhstar"
"1_4641";"4641";"101";"Daud"
"1_4643";"4643";"11";"zerotimer"
"1_4645";"4645";"41";"Jesse"
"1_4651";"4651";"1";"user8754"
"1_4652";"4652";"20";"Don Larynx"
"1_4654";"4654";"114";"miracle2k"
"1_4656";"4656";"116";"NightRa"
"1_466";"466";"343";"sharptooth"
"1_4660";"4660";"23";"GlowingFeather"
"1_4661";"4661";"1";"mehtab qamar"
"1_4663";"4663";"1";"Lukas Fanders"
"1_4664";"4664";"111";"Jack Humphries"
"1_4671";"4671";"26";"Makayla Heins"
"1_4674";"4674";"151";"Afzaal Ahmad Zeeshan"
"1_4677";"4677";"6";"peter cai"
"1_4679";"4679";"7";"Marti Markov"
"1_468";"468";"91";"Meenakshi"
"1_4680";"4680";"18";"Jantomedes"
"1_4683";"4683";"11";"elia"
"1_4685";"4685";"16";"Lisha"
"1_469";"469";"151";"Chris Plaisier"
"1_4695";"4695";"1";"user4695"
"1_4696";"4696";"56";"Dan Bolser"
"1_4697";"4697";"195";"kuzzooroo"
"1_4698";"4698";"106";"Soham Chakraborty"
"1_4701";"4701";"111";"AlexanderMP"
"1_4702";"4702";"43";"Christina"
"1_4704";"4704";"1";"Ramesh"
"1_4705";"4705";"43";"Balazs Rau"
"1_4707";"4707";"121";"Hurda"
"1_471";"471";"101";"Manishearth"
"1_4711";"4711";"6";"zermen"
"1_4713";"4713";"11";"Abby Mendoza"
"1_4714";"4714";"11";"John Crout"
"1_4717";"4717";"56";"popnard"
"1_4719";"4719";"6";"Omid"
"1_4720";"4720";"28";"Bleamer"
"1_4722";"4722";"1";"Daria"
"1_4725";"4725";"1";"user4725"
"1_4726";"4726";"11";"Gent"
"1_4732";"4732";"61";"bear"
"1_4733";"4733";"146";"A T"
"1_4734";"4734";"118";"dogmatic69"
"1_4735";"4735";"39";"gent"
"1_4738";"4738";"8";"Concerned Undergraduate"
"1_4739";"4739";"1";"gent"
"1_4740";"4740";"21";"dutta"
"1_4741";"4741";"1";"user4741"
"1_4742";"4742";"11";"Tim Hammesfahr"
"1_4744";"4744";"101";"Jim"
"1_4745";"4745";"1";"user4745"
"1_4746";"4746";"45";"Pao"
"1_4747";"4747";"69";"user137"
"1_4750";"4750";"111";"CodeAngry"
"1_4753";"4753";"11";"John"
"1_4756";"4756";"11";"Charles Crookenden"
"1_4757";"4757";"21";"Narj"
"1_4759";"4759";"28";"Lamia"
"1_476";"476";"540";"niallhaslam"
"1_4760";"4760";"1";"Azel"
"1_4762";"4762";"1";"Lorax"
"1_4763";"4763";"121";"Ramy Al Zuhouri"
"1_4769";"4769";"6";"user28141"
"1_4770";"4770";"1";"Shamsudeen Muhammad"
"1_4772";"4772";"16";"saptarshi"
"1_4775";"4775";"26";"Ralf Thaenert"
"1_4776";"4776";"101";"rhody"
"1_4779";"4779";"106";"Andy"
"1_478";"478";"141";"Irene"
"1_4785";"4785";"39";"TheJJ"
"1_4788";"4788";"116";"LateralFractal"
"1_4789";"4789";"26";"Stella"
"1_4791";"4791";"127";"ashim"
"1_4793";"4793";"6";"Joshua Myrvaagnes"
"1_4794";"4794";"68";"Sean"
"1_4795";"4795";"141";"TheChymera"
"1_4796";"4796";"6";"user4796"
"1_4797";"4797";"11";"user2943012"
"1_4798";"4798";"28";"James Bowery"
"1_48";"48";"1588";"Aleadam"
"1_4800";"4800";"18";"Anonymous"
"1_4802";"4802";"66";"Jasper Kennis"
"1_4803";"4803";"113";"Tim"
"1_4804";"4804";"101";"pandita"
"1_4806";"4806";"21";"user30561"
"1_4808";"4808";"111";"Layla"
"1_4810";"4810";"11";"limulus"
"1_4811";"4811";"106";"???"
"1_4818";"4818";"31";"user4818"
"1_4819";"4819";"113";"Tim Timmy"
"1_4820";"4820";"26";"flo64"
"1_4821";"4821";"231";"Rodrigo"
"1_4826";"4826";"111";"G M"
"1_4829";"4829";"21";"user4829"
"1_483";"483";"51";"lilinjn"
"1_4830";"4830";"8";"tunnel snakes rule"
"1_4832";"4832";"6";"p. chandra sekhar"
"1_4836";"4836";"31";"anaid b"
"1_4837";"4837";"11";"m winston"
"1_4840";"4840";"1027";"A. Kennard"
"1_4845";"4845";"11";"user4845"
"1_4846";"4846";"6";"hazel"
"1_4847";"4847";"18";"user4847"
"1_4849";"4849";"16";"selflearningbio"
"1_485";"485";"170";"Vinayak Pathak"
"1_4851";"4851";"1";"apoh"
"1_4852";"4852";"16";"eric"
"1_4853";"4853";"1";"jack lantern"
"1_4854";"4854";"6";"user4854"
"1_4855";"4855";"11";"Danoive"
"1_4858";"4858";"123";"User"
"1_4860";"4860";"118";"MartinK"
"1_4862";"4862";"1";"Fleur"
"1_4863";"4863";"6";"user4863"
"1_4865";"4865";"6";"Mehdi"
"1_4866";"4866";"26";"Catherine Gruber"
"1_4868";"4868";"6";"Ella"
"1_4869";"4869";"128";"ngramsky"
"1_4872";"4872";"31";"Chris Ridley"
"1_4875";"4875";"1";"vittal"
"1_4881";"4881";"6";"user4881"
"1_4882";"4882";"56";"SG324"
"1_4884";"4884";"128";"jb510"
"1_4886";"4886";"11";"user4886"
"1_4889";"4889";"11";"meeyu"
"1_489";"489";"138";"Daniel ?"
"1_4890";"4890";"16";"user4890"
"1_4891";"4891";"6";"Sabine"
"1_4892";"4892";"11";"user4892"
"1_4897";"4897";"11";"thegoerge"
"1_49";"49";"501";"gawbul"
"1_4902";"4902";"1";"Rich Maraia"
"1_4903";"4903";"111";"TruthOf42"
"1_4905";"4905";"13";"Paul Von"
"1_4908";"4908";"161";"Andrew Bonnell"
"1_491";"491";"157";"Kristoffer Nolgren"
"1_4913";"4913";"1";"izzy ignacio"
"1_4916";"4916";"6";"tim"
"1_4918";"4918";"106";"GODPARTICLE"
"1_492";"492";"56";"JanneML"
"1_4920";"4920";"1";"Lori Wagner"
"1_4921";"4921";"21";"RAM"
"1_4922";"4922";"49";"Chris Ford"
"1_4923";"4923";"1";"Odimegwu David"
"1_4925";"4925";"126";"ton.yeung"
"1_4929";"4929";"63";"nuhcole"
"1_4934";"4934";"111";"Alex I"
"1_4936";"4936";"36";"user4936"
"1_4938";"4938";"1";"Immuno professor"
"1_494";"494";"118";"Alex Coplan"
"1_4941";"4941";"18";"Adrian"
"1_4942";"4942";"6";"user4942"
"1_4943";"4943";"108";"Muz"
"1_4944";"4944";"11";"Maharch"
"1_4945";"4945";"101";"HC_"
"1_4947";"4947";"104";"Shefali"
"1_4949";"4949";"11";"JayRoth"
"1_495";"495";"1";"Staten-John"
"1_4952";"4952";"104";"daniel.sedlacek"
"1_4953";"4953";"21";"Nathan F."
"1_4954";"4954";"106";"Oskar Persson"
"1_4955";"4955";"21";"AnnOrak"
"1_4957";"4957";"24";"Mark Khan"
"1_496";"496";"198";"Halime"
"1_4962";"4962";"1";"user4962"
"1_4965";"4965";"111";"CramerTV"
"1_4967";"4967";"11";"user4967"
"1_4971";"4971";"116";"TMOTTM"
"1_4973";"4973";"21";"Steve Hastings"
"1_498";"498";"245";"NiftyKitty95"
"1_4980";"4980";"1";"Coderama"
"1_4981";"4981";"101";"Vanuan"
"1_4983";"4983";"111";"Tom"
"1_4984";"4984";"6";"Dirty-grad-rat"
"1_4989";"4989";"28";"Kiti"
"1_4990";"4990";"6";"Alchemistbd"
"1_4992";"4992";"18";"Michel Carroll"
"1_4993";"4993";"1";"JohnSumisu"
"1_4996";"4996";"19";"user3030461"
"1_4999";"4999";"128";"Linuxios"
"1_50";"50";"148";"Ferdy"
"1_500";"500";"1484";"Artem Kaznatcheev"
"1_5003";"5003";"11";"Philo-dodo"
"1_5005";"5005";"1160";"hello_there_andy"
"1_5006";"5006";"200";"adam.r"
"1_5008";"5008";"127";"munish"
"1_5011";"5011";"41";"HoboSci"
"1_5012";"5012";"6";"James"
"1_5013";"5013";"6";"Sina"
"1_5014";"5014";"11";"user2534"
"1_5015";"5015";"1";"user5015"
"1_5017";"5017";"11";"user5017"
"1_5018";"5018";"262";"Mark Bailey"
"1_502";"502";"143";"Mahnax"
"1_5020";"5020";"1";"Lupoviridae"
"1_5021";"5021";"21";"user5021"
"1_5026";"5026";"6";"Wolf"
"1_5029";"5029";"8";"Vladimir"
"1_5031";"5031";"11";"user5031"
"1_5032";"5032";"218";"Felix_Sim"
"1_5033";"5033";"9";"user5033"
"1_5037";"5037";"21";"user5037"
"1_5038";"5038";"11";"Adrian"
"1_5039";"5039";"16";"stross_relief"
"1_504";"504";"313";"Comptrol"
"1_5046";"5046";"1";"wbevis"
"1_5049";"5049";"123";"brillout.com"
"1_5054";"5054";"43";"user5054"
"1_5058";"5058";"1";"Acuriousscientist"
"1_506";"506";"101";"Lee Louviere"
"1_5061";"5061";"1";"ACE"
"1_5066";"5066";"9";"Gent"
"1_5068";"5068";"11";"L.C."
"1_507";"507";"101";"k0pernikus"
"1_5071";"5071";"11";"Vignesh"
"1_5076";"5076";"1";"arnaud Rehel"
"1_5078";"5078";"11";"Shi V. Liu"
"1_508";"508";"76";"Mononess"
"1_5083";"5083";"106";"Matt Thrower"
"1_5084";"5084";"156";"WetSavannaAnimal aka Rod Vance"
"1_5085";"5085";"77";"Cloud"
"1_5086";"5086";"1";"user5086"
"1_5087";"5087";"29";"Gary Chou"
"1_5090";"5090";"6";"Sisyphus"
"1_5092";"5092";"21";"Alexander Ryan Baggett"
"1_5095";"5095";"101";"Did"
"1_5098";"5098";"11";"Gent"
"1_51";"51";"617";"Mac Cowell"
"1_510";"510";"905";"Preece"
"1_5101";"5101";"23";"abti"
"1_5106";"5106";"4";"MattKnowsTech"
"1_5109";"5109";"1";"Aayusha"
"1_5112";"5112";"6";"user2552867"
"1_5115";"5115";"46";"Spamicles"
"1_5117";"5117";"1";"user5117"
"1_512";"512";"31";"Valentinos"
"1_5121";"5121";"128";"Tico"
"1_5122";"5122";"111";"bubu"
"1_5124";"5124";"16";"anonymous"
"1_5126";"5126";"1";"KLH"
"1_5127";"5127";"6";"Damon Morris"
"1_5128";"5128";"16";"GM91213"
"1_5134";"5134";"1";"mike"
"1_5137";"5137";"1";"aaqb"
"1_5139";"5139";"108";"OraBrush"
"1_5141";"5141";"8";"jyf1987"
"1_5142";"5142";"1";"user5142"
"1_5144";"5144";"4564";"Chris"
"1_5146";"5146";"6";"Doahh"
"1_5147";"5147";"1";"user3904"
"1_5148";"5148";"481";"swbarnes2"
"1_5149";"5149";"21";"E Tam"
"1_5150";"5150";"18";"Sarthak Tak"
"1_5156";"5156";"211";"Roberto"
"1_5157";"5157";"113";"n00b"
"1_5159";"5159";"18";"php--"
"1_5160";"5160";"113";"Tyler"
"1_5162";"5162";"104";"Hari Nandha"
"1_5164";"5164";"86";"krushna"
"1_5165";"5165";"14";"Traveling Wayward"
"1_5168";"5168";"6";"ezrock"
"1_5179";"5179";"6";"Alzeon"
"1_518";"518";"30";"Dokkat"
"1_5180";"5180";"26";"vikram"
"1_5182";"5182";"13";"user5182"
"1_5183";"5183";"41";"Xylo"
"1_5187";"5187";"128";"ConfusedStack"
"1_5189";"5189";"1";"nilutpal"
"1_5196";"5196";"8";"MAyman"
"1_5198";"5198";"101";"medica"
"1_5199";"5199";"106";"LanguagesNamedAfterCofee"
"1_5202";"5202";"11";"DunjaM"
"1_5212";"5212";"11";"Jamesg"
"1_5213";"5213";"40";"PitifulStudent"
"1_5215";"5215";"28";"kombo"
"1_5216";"5216";"8";"Haohan Wang"
"1_5217";"5217";"113";"Kim"
"1_5219";"5219";"1";"user5219"
"1_5221";"5221";"113";"almousawi"
"1_5222";"5222";"108";"rasen58"
"1_5223";"5223";"3";"Bruno"
"1_5233";"5233";"126";"giorgian"
"1_5237";"5237";"28";"jhon"
"1_5238";"5238";"136";"brunch875"
"1_524";"524";"118";"SimaPro"
"1_5243";"5243";"31";"Outboxman"
"1_5245";"5245";"21";"Uncle"
"1_5247";"5247";"21";"Alexey M"
"1_5248";"5248";"11";"user5248"
"1_5249";"5249";"16";"user2811095"
"1_525";"525";"101";"Zoredache"
"1_5253";"5253";"48";"Ecologist"
"1_5259";"5259";"123";"Devgeet Patel"
"1_526";"526";"491";"Cixelyn"
"1_5260";"5260";"106";"nigelc"
"1_5262";"5262";"106";"ZebraFicus"
"1_5263";"5263";"41";"Au101"
"1_5264";"5264";"21";"manterr"
"1_5265";"5265";"1";"Yasir saeed khan"
"1_527";"527";"46";"Tara"
"1_5270";"5270";"21";"laslo0728"
"1_5272";"5272";"21";"amitm"
"1_5275";"5275";"73";"user3034084"
"1_5276";"5276";"11";"asto"
"1_5277";"5277";"17";"user2437016"
"1_528";"528";"101";"Meg Coates"
"1_5282";"5282";"31";"Lizard"
"1_5283";"5283";"211";"Chris Cashwell"
"1_5284";"5284";"41";"ryetochondria"
"1_5287";"5287";"101";"Shaona Bose"
"1_5289";"5289";"3";"Gra"
"1_5290";"5290";"103";"DiogoNeves"
"1_5292";"5292";"6";"Sailaja Hari"
"1_5296";"5296";"11";"Singularity"
"1_5297";"5297";"76";"Fabio Marroni"
"1_5299";"5299";"11";"suit"
"1_530";"530";"136";"Calvin Cheng"
"1_5304";"5304";"121";"Kozuch"
"1_5306";"5306";"3";"Abhinandan N M"
"1_5314";"5314";"21";"sjlanterman"
"1_5321";"5321";"1";"The.Blue.Shrimp"
"1_5328";"5328";"6";"user5328"
"1_5336";"5336";"1";"sPLUS"
"1_5337";"5337";"111";"user1326876"
"1_5343";"5343";"69";"Sajin Shereef"
"1_5344";"5344";"145";"draks ..."
"1_5346";"5346";"101";"frodeborli"
"1_5347";"5347";"6";"user36520"
"1_5349";"5349";"4";"sali444"
"1_535";"535";"3207";"Larry_Parnell"
"1_5350";"5350";"106";"Eric Auld"
"1_5354";"5354";"20";"user5354"
"1_5356";"5356";"73";"Zafer Cesur"
"1_5360";"5360";"6";"user93189"
"1_5363";"5363";"11";"Asaga"
"1_5366";"5366";"136";"CircleSquared"
"1_5367";"5367";"156";"Martin Dinov"
"1_5369";"5369";"416";"Barbara"
"1_5373";"5373";"11";"user5373"
"1_5376";"5376";"18";"Banana"
"1_5385";"5385";"9";"Gent"
"1_5390";"5390";"18";"Kilik"
"1_5391";"5391";"21";"neuronich"
"1_5392";"5392";"311";"Herman"
"1_5396";"5396";"101";"Jeppe Stig Nielsen"
"1_540";"540";"226";"Superbest"
"1_5405";"5405";"11";"Merqurio"
"1_5407";"5407";"125";"Peter"
"1_541";"541";"121";"blunders"
"1_5411";"5411";"11";"Adma"
"1_5413";"5413";"1";"user1763899"
"1_5414";"5414";"21";"user4059"
"1_5415";"5415";"106";"Norbert Willhelm"
"1_5417";"5417";"122";"hawkeye"
"1_5419";"5419";"8";"genius12"
"1_542";"542";"496";"Hermann Ingjaldsson"
"1_5420";"5420";"6";"user5420"
"1_5429";"5429";"1";"gopinath"
"1_543";"543";"143";"thoughtadvances"
"1_5430";"5430";"4";"Sina "
"1_5431";"5431";"116";"Bleeding Fingers"
"1_5433";"5433";"1";"c iliffe"
"1_5434";"5434";"21";"user5434"
"1_5439";"5439";"128";"fifaltra"
"1_544";"544";"31";"Sam Cotton"
"1_5441";"5441";"11";"Shturmovak"
"1_5443";"5443";"6";"Dan Humphrey"
"1_5444";"5444";"111";"Starkers"
"1_5447";"5447";"6";"Damjan Dimitrioski"
"1_5453";"5453";"3";"hamburger"
"1_5457";"5457";"16";"user228546"
"1_546";"546";"56";"fragant1996"
"1_5460";"5460";"23";"ApothemCyte"
"1_5466";"5466";"131";"evamvid"
"1_5468";"5468";"116";"Michael Bray"
"1_5475";"5475";"13";"user1435792"
"1_5477";"5477";"111";"NitroNbg"
"1_5479";"5479";"1";"user5479"
"1_548";"548";"141";"Stefano Borini"
"1_5481";"5481";"16";"Jim"
"1_5484";"5484";"6";"agemO"
"1_5486";"5486";"16";"Piret Avila"
"1_5487";"5487";"113";"Aaron"
"1_5488";"5488";"101";"Vikas"
"1_5489";"5489";"11";"legend"
"1_5491";"5491";"119";"max"
"1_5499";"5499";"36";"Vitajl"
"1_55";"55";"46";"kieran"
"1_5502";"5502";"25";"LotusBiology"
"1_5504";"5504";"111";"Mikhail"
"1_5505";"5505";"1";"kabahaly"
"1_551";"551";"143";"flow"
"1_5516";"5516";"13";"user5516"
"1_5517";"5517";"6";"Tung Yit Xiang"
"1_5518";"5518";"6";"BioBeginner"
"1_5519";"5519";"1";"Kevin"
"1_5525";"5525";"133";"anomal"
"1_5526";"5526";"4";"Help"
"1_5529";"5529";"8";"agriprop"
"1_553";"553";"174";"Etienne Low-DÃ©carie"
"1_5530";"5530";"1";"user5530"
"1_5531";"5531";"16";"user2891466"
"1_5534";"5534";"106";"Yoda"
"1_554";"554";"422";"Jim Thio"
"1_5547";"5547";"113";"Marcus Junius Brutus"
"1_5549";"5549";"1";"Sporadic eccentricity"
"1_5551";"5551";"11";"Ken Fabian"
"1_5552";"5552";"36";"Owen Versteeg"
"1_5553";"5553";"8";"Frank Small"
"1_5554";"5554";"113";"Luke McGregor"
"1_5559";"5559";"11";"Kin"
"1_5561";"5561";"21";"alex"
"1_5564";"5564";"154";"trex005"
"1_5567";"5567";"1";"Dimosthenis"
"1_5569";"5569";"11";"Pete"
"1_557";"557";"18";"rory"
"1_5571";"5571";"6";"Marta"
"1_5577";"5577";"11";"Nat"
"1_5578";"5578";"155";"tschoppi"
"1_5579";"5579";"1";"user233"
"1_558";"558";"583";"Kirby"
"1_5580";"5580";"66";"ProfK"
"1_5584";"5584";"28";"user3175999"
"1_5587";"5587";"11";"Vojt?ch"
"1_5589";"5589";"11";"user5589"
"1_5591";"5591";"108";"hulkingtickets"
"1_5594";"5594";"118";"Aiden Strydom"
"1_5595";"5595";"1";"George"
"1_5596";"5596";"20";"Brett"
"1_5599";"5599";"1";"user38697"
"1_560";"560";"4390";"leonardo"
"1_5603";"5603";"23";"Giim"
"1_5604";"5604";"103";"Sandeep Thilakan"
"1_5607";"5607";"36";"sjruprecht"
"1_561";"561";"203";"becko"
"1_5613";"5613";"1";"Coquinoob"
"1_5616";"5616";"6";"jack"
"1_5619";"5619";"21";"Mansoor Nathani"
"1_562";"562";"386";"Jeff"
"1_5628";"5628";"1";"Alex B."
"1_5630";"5630";"80";"golgicik"
"1_5632";"5632";"103";"Brian Rushton"
"1_5633";"5633";"11";"Mr. Kevin"
"1_5635";"5635";"29";"Manik"
"1_5636";"5636";"6";"suissidle"
"1_5640";"5640";"106";"Joel"
"1_5642";"5642";"111";"HAL9000"
"1_5643";"5643";"1";"Singh"
"1_5644";"5644";"11";"Paul Staab"
"1_5647";"5647";"1";"Ed Lyons"
"1_5649";"5649";"8";"zergsomg"
"1_565";"565";"151";"stackErr"
"1_5650";"5650";"101";"Roel van Uden"
"1_5656";"5656";"121";"gentmatt"
"1_5657";"5657";"52";"user5657"
"1_566";"566";"318";"caeruleus"
"1_5661";"5661";"108";"adcoon"
"1_5664";"5664";"6";"Bobby Newmark"
"1_5665";"5665";"11";"user1997808"
"1_5668";"5668";"19";"Gabi"
"1_5676";"5676";"16";"Syed Sahl"
"1_5677";"5677";"1";"Mindaugas Bernatavi?ius"
"1_568";"568";"26";"naughts"
"1_5680";"5680";"123";"Juan Carlos Coto"
"1_5684";"5684";"116";"Mark Bao"
"1_5686";"5686";"51";"Alice"
"1_5688";"5688";"1";"questionhang"
"1_5692";"5692";"101";"Jonathan Van Matre"
"1_5694";"5694";"369";"V_ix"
"1_5699";"5699";"1";"Traple"
"1_57";"57";"2619";"jonsca"
"1_570";"570";"208";"Craig"
"1_5700";"5700";"17";"user4147"
"1_5702";"5702";"309";"Manuella"
"1_5704";"5704";"131";"David John Welsh"
"1_5706";"5706";"108";"mhwombat"
"1_5707";"5707";"1";"Erica Nathan"
"1_5708";"5708";"6";"Brent Moses"
"1_5709";"5709";"6";"user34793"
"1_571";"571";"150";"Anake"
"1_5714";"5714";"11";"user5714"
"1_5715";"5715";"6";"user5715"
"1_5719";"5719";"113";"Ramit"
"1_572";"572";"141";"Hristo Hristov"
"1_5720";"5720";"109";"Dims"
"1_5726";"5726";"71";"user5726"
"1_5729";"5729";"61";"katherinebridges"
"1_573";"573";"161";"Weirdstress Function"
"1_5730";"5730";"6";"Ankit Solanki"
"1_5732";"5732";"111";"abyss.7"
"1_5734";"5734";"101";"vzn"
"1_5735";"5735";"111";"zerosofthezeta"
"1_5736";"5736";"10";"hil3ani"
"1_574";"574";"31";"Dman"
"1_5741";"5741";"1";"user5741"
"1_5744";"5744";"11";"YomanAwe"
"1_575";"575";"654";"Emmie MC"
"1_5750";"5750";"1";"Eddie"
"1_5754";"5754";"1519";"jarlemag"
"1_5755";"5755";"571";"Ilan"
"1_5757";"5757";"166";"Alexlok"
"1_576";"576";"136";"Andrew Grimm"
"1_5761";"5761";"11";"Liam F."
"1_5762";"5762";"6";"potterbond007"
"1_5767";"5767";"113";"Owen_R"
"1_577";"577";"2221";"Alex Stone"
"1_5771";"5771";"508";"stords"
"1_5773";"5773";"101";"Manu"
"1_5778";"5778";"1";"yep"
"1_578";"578";"155";"pointernil"
"1_5781";"5781";"3";"itsSLO"
"1_5783";"5783";"21";"Bernd Willimek"
"1_5785";"5785";"16";"user5785"
"1_579";"579";"131";"Matt McHenry"
"1_5790";"5790";"1";"user5790"
"1_5792";"5792";"11";"user5792"
"1_5794";"5794";"1";"XtrmJosh"
"1_5795";"5795";"128";"yshavit"
"1_5796";"5796";"5";"Diamond Louis XIV"
"1_5798";"5798";"36";"Biochemist_HK"
"1_5799";"5799";"38";"S.Raaj Nishanth"
"1_58";"58";"163";"Jus12"
"1_580";"580";"146";"JeremiahLee"
"1_5800";"5800";"1";"Jamal"
"1_5802";"5802";"101";"Kevin"
"1_5804";"5804";"18";"lilSebastian"
"1_5805";"5805";"11";"paul"
"1_5808";"5808";"21";"WhoElse"
"1_5810";"5810";"1";"russel"
"1_5819";"5819";"16";"seilgu"
"1_5823";"5823";"108";"MAKZ"
"1_5825";"5825";"104";"Geremia"
"1_5832";"5832";"1";"user5832"
"1_5833";"5833";"113";"radouxju"
"1_584";"584";"458";"Robinabo"
"1_5843";"5843";"6";"qui"
"1_585";"585";"170";"thejh"
"1_5850";"5850";"6";"Sander"
"1_5852";"5852";"12";"user5852"
"1_5853";"5853";"6";"Amanda"
"1_5855";"5855";"1";"user3356669"
"1_5859";"5859";"141";"louie mcconnell"
"1_586";"586";"207";"Sonny Ordell"
"1_5860";"5860";"101";"user13107"
"1_5861";"5861";"36";"user5861"
"1_5862";"5862";"101";"Mark"
"1_5863";"5863";"131";"eis"
"1_5869";"5869";"21";"A. D. Talsma"
"1_587";"587";"146";"Chelonian"
"1_5870";"5870";"1";"Cindy"
"1_5871";"5871";"21";"Peter Kramer"
"1_5874";"5874";"111";"Iyengar"
"1_5879";"5879";"11";"David Basanta"
"1_5880";"5880";"6";"Amrutha"
"1_5886";"5886";"11";"jack"
"1_5889";"5889";"11";"Archit"
"1_589";"589";"188";"yep"
"1_5891";"5891";"106";"Squirrl"
"1_5892";"5892";"18";"Sk Sarif Hassan"
"1_5893";"5893";"52";"tatiana.aghova"
"1_59";"59";"1222";"mbq"
"1_5902";"5902";"8";"Magnus Q."
"1_5906";"5906";"101";"Jan-Philip Gehrcke"
"1_5907";"5907";"126";"La-comadreja"
"1_5908";"5908";"6";"Arone"
"1_5910";"5910";"13";"user2958395"
"1_5911";"5911";"6";"DGB"
"1_5917";"5917";"123";"Alexander Winn"
"1_5919";"5919";"136";"www.sapnaedu.in"
"1_5922";"5922";"446";"PlaysDice"
"1_5924";"5924";"111";"Audrius MeÂškauskas"
"1_5925";"5925";"107";"Xander Smeets"
"1_5926";"5926";"123";"Nath"
"1_5927";"5927";"16";"user5927"
"1_5929";"5929";"11";"Philip Gerlee"
"1_5930";"5930";"18";"paulkon"
"1_5931";"5931";"1";"Guest"
"1_5933";"5933";"6";"Shradha"
"1_5936";"5936";"26";"user5936"
"1_5937";"5937";"69";"A random zoologist"
"1_5940";"5940";"161";"Adam Davis"
"1_5944";"5944";"108";"John"
"1_5945";"5945";"108";"Erik Godard"
"1_5946";"5946";"31";"user819490"
"1_5947";"5947";"101";"keshlam"
"1_5948";"5948";"101";"Tobias Hagge"
"1_5950";"5950";"101";"Mariya"
"1_5951";"5951";"61";"user130144"
"1_5953";"5953";"101";"David Conrad"
"1_596";"596";"121";"Phil.Wheeler"
"1_5963";"5963";"13";"Harshal Gajjar"
"1_5966";"5966";"113";"silvrfuck"
"1_597";"597";"141";"malexmave"
"1_5971";"5971";"101";"Sebastian Troy"
"1_5978";"5978";"106";"fremmedehenvendelser"
"1_5980";"5980";"21";"user5980"
"1_5981";"5981";"46";"Lee I."
"1_5987";"5987";"1";"John"
"1_5988";"5988";"101";"Muhd"
"1_5989";"5989";"1";"Nick"
"1_599";"599";"71";"Garima Kushwaha"
"1_5990";"5990";"1";"user5990"
"1_5991";"5991";"11";"Ahfoo"
"1_5992";"5992";"121";"dVaffection"
"1_5995";"5995";"87";"sdimitrije"
"1_5997";"5997";"11";"user5997"
"1_6";"6";"4392";"Mad Scientist"
"1_60";"60";"101";"Matt Parker"
"1_600";"600";"175";"math4tots"
"1_6000";"6000";"6";"user875354"
"1_6003";"6003";"188";"Dan Horvat"
"1_601";"601";"91";"Garima Kushwaha"
"1_6019";"6019";"110";"ermanen"
"1_602";"602";"225";"Anil"
"1_6024";"6024";"101";"ZoltÃ¡n Schmidt"
"1_6027";"6027";"126";"Matt"
"1_6031";"6031";"113";"Creative Magic"
"1_6032";"6032";"18";"F.N"
"1_6033";"6033";"123";"Deinonychus"
"1_6035";"6035";"6";"user6035"
"1_6036";"6036";"111";"mechmind"
"1_6037";"6037";"6";"user70471"
"1_6038";"6038";"96";"MeLikeyCode"
"1_6039";"6039";"6";"Bionoob"
"1_604";"604";"41";"Thunder"
"1_6041";"6041";"13";"H. Kemal Ilter"
"1_6043";"6043";"318";"Jonathan"
"1_6044";"6044";"13";"DGB"
"1_6047";"6047";"25";"Dave M G"
"1_6050";"6050";"108";"Wandang"
"1_6051";"6051";"11";"kevin"
"1_6054";"6054";"11";"Inesophet"
"1_6056";"6056";"7";"user3281911"
"1_6058";"6058";"8";"user6058"
"1_6061";"6061";"116";"buzrw"
"1_6062";"6062";"103";"tau"
"1_6065";"6065";"101";"meduz"
"1_6066";"6066";"1";"user75619"
"1_6070";"6070";"1";"eyeinthebrick"
"1_6072";"6072";"8";"masoug"
"1_6073";"6073";"106";"Murray Eisenberg"
"1_6079";"6079";"1";"user38398"
"1_608";"608";"150";"RoflcoptrException"
"1_6080";"6080";"1";"DrMeowmeow"
"1_6082";"6082";"23";"Flight505"
"1_6084";"6084";"113";"sciencenewbie"
"1_6087";"6087";"128";"The Ugly"
"1_6088";"6088";"108";"Yusaf Khaliq"
"1_609";"609";"217";"user1202664"
"1_6091";"6091";"101";"Alenanno"
"1_6093";"6093";"136";"Dan S"
"1_6095";"6095";"11";"user6095"
"1_6096";"6096";"106";"AmitG"
"1_6099";"6099";"21";"Beletsky"
"1_61";"61";"239";"aqua"
"1_610";"610";"188";"Pratik Deoghare"
"1_6106";"6106";"11";"user6106"
"1_611";"611";"282";"Simon Verbeke"
"1_6110";"6110";"13";"schmop"
"1_6114";"6114";"1";"Y.Skw"
"1_6116";"6116";"65";"Jody"
"1_6117";"6117";"11";"charbot"
"1_6120";"6120";"28";"Ethan722"
"1_6122";"6122";"11";"Codorna"
"1_6124";"6124";"4";"Probably"
"1_6125";"6125";"108";"okarin"
"1_6126";"6126";"1";"sredmond"
"1_6128";"6128";"166";"Izzhov"
"1_6130";"6130";"106";"NSFeaster"
"1_6131";"6131";"261";"adamwong246"
"1_6133";"6133";"66";"Jodster"
"1_6134";"6134";"1";"user1757654"
"1_6136";"6136";"11";"21joanna12"
"1_6137";"6137";"151";"DisplayName"
"1_6139";"6139";"101";"Peter Schneider"
"1_6141";"6141";"101";"oakad"
"1_6142";"6142";"106";"setek"
"1_6144";"6144";"21";"dddotyj"
"1_6145";"6145";"101";"Zack"
"1_6147";"6147";"6";"user37464"
"1_6149";"6149";"101";"Lie Ryan"
"1_6151";"6151";"121";"Richard Tingle"
"1_6153";"6153";"26";"user3079671"
"1_6154";"6154";"101";"Jon of All Trades"
"1_6155";"6155";"6";"user42991"
"1_6160";"6160";"101";"Chris O'Kelly"
"1_6165";"6165";"121";"mcv"
"1_6167";"6167";"141";"Neil Slater"
"1_6168";"6168";"101";"Taemyr"
"1_6170";"6170";"111";"Christian Sauer"
"1_6171";"6171";"101";"James_pic"
"1_6175";"6175";"11";"user6175"
"1_6176";"6176";"113";"edelwater"
"1_6178";"6178";"1";"Amber"
"1_6179";"6179";"126";"Srb1313711"
"1_6183";"6183";"18";"kwiromeo"
"1_6184";"6184";"101";"monoceres"
"1_6188";"6188";"3";"user6188"
"1_6189";"6189";"116";"Peter4075"
"1_6191";"6191";"6";"user6191"
"1_6195";"6195";"11";"user128932"
"1_6196";"6196";"106";"Chanhee Jeong"
"1_6197";"6197";"106";"Daniel Fath"
"1_6199";"6199";"6";"user3477249"
"1_62";"62";"991";"Gordon Gustafson"
"1_620";"620";"331";"chadoliver"
"1_6200";"6200";"99";"DrakaSAN"
"1_6202";"6202";"6";"user813801"
"1_6204";"6204";"1";"Sil"
"1_6208";"6208";"6";"capricorn"
"1_6209";"6209";"16";"user6209"
"1_6211";"6211";"11";"HJ Pretorius"
"1_6213";"6213";"8";"Mehdi"
"1_6214";"6214";"46";"user114141"
"1_6217";"6217";"21";"Patrick Lewis"
"1_622";"622";"51";"graybrij"
"1_6220";"6220";"1";"mohua"
"1_6223";"6223";"1";"Emma"
"1_6224";"6224";"11";"Joce"
"1_6229";"6229";"11";"sagar"
"1_623";"623";"123";"Kaypro II"
"1_6236";"6236";"13";"Ceiling Gecko"
"1_6240";"6240";"1";"MolbOrg"
"1_6241";"6241";"18";"Attila Herbert"
"1_6242";"6242";"1";"Adrian Neverik"
"1_6247";"6247";"11";"user2295550"
"1_625";"625";"293";"Joebevo"
"1_6251";"6251";"1";"user6251"
"1_6257";"6257";"106";"cppcoder"
"1_6258";"6258";"106";"Brannon"
"1_6259";"6259";"1";"lawless"
"1_626";"626";"148";"romeovs"
"1_6260";"6260";"6";"Lior"
"1_6261";"6261";"11";"irvingza"
"1_6268";"6268";"108";"what"
"1_6269";"6269";"1";"Passiday"
"1_6271";"6271";"116";"C_Intermediate_Learner"
"1_6277";"6277";"101";"Triynko"
"1_629";"629";"209";"Bravo"
"1_63";"63";"101";"Robert Cartaino"
"1_633";"633";"101";"Ates Goral"
"1_634";"634";"223";"JulianaA"
"1_636";"636";"14";"Pete"
"1_639";"639";"131";"Reece"
"1_641";"641";"91";"Arthur"
"1_645";"645";"161";"Patrick87"
"1_648";"648";"143";"Zigu"
"1_649";"649";"616";"gremau"
"1_650";"650";"41";"Julian"
"1_651";"651";"163";"oceanhug"
"1_653";"653";"1140";"Zoidberg"
"1_655";"655";"143";"orion"
"1_657";"657";"121";"woliveirajr"
"1_658";"658";"809";"149781-32509185"
"1_66";"66";"4719";"Alexander Galkin"
"1_660";"660";"131";"maq"
"1_663";"663";"71";"Sahtan"
"1_668";"668";"126";"oshirowanen"
"1_669";"669";"166";"ProfSmiles"
"1_67";"67";"1820";"Fomite"
"1_671";"671";"126";"Christian H"
"1_673";"673";"327";"zeller"
"1_675";"675";"66";"arudolph.bio"
"1_678";"678";"133";"Harold Cavendish"
"1_68";"68";"1274";"Marta Cz-C"
"1_680";"680";"497";"Ilya Melamed"
"1_681";"681";"31";"kennemm"
"1_684";"684";"138";"Chris"
"1_688";"688";"191";"quant_dev"
"1_689";"689";"121";"Barry Wark"
"1_69";"69";"6822";"Rory M"
"1_690";"690";"13";"Dr. Kaku Kyiamah"
"1_691";"691";"568";"CHM"
"1_693";"693";"186";"Rox"
"1_694";"694";"18";"Robot-Scott"
"1_695";"695";"248";"cpx"
"1_696";"696";"251";"Rex Kerr"
"1_697";"697";"51";"Lars"
"1_698";"698";"174";"LifeWorks"
"1_701";"701";"26";"ironcyclone"
"1_704";"704";"166";"John C"
"1_705";"705";"138";"Philipp"
"1_706";"706";"26";"Sam"
"1_711";"711";"260";"Ben Brocka"
"1_719";"719";"26";"user1271772"
"1_72";"72";"1977";"yamad"
"1_722";"722";"171";"amr"
"1_724";"724";"201";"balaka"
"1_73";"73";"165";"Lisa"
"1_735";"735";"136";"Rosa Rubicondior"
"1_738";"738";"33";"Aengus"
"1_739";"739";"133";"jqp"
"1_740";"740";"3291";"Luke"
"1_742";"742";"81";"Danielle"
"1_743";"743";"113";"user1708"
"1_744";"744";"138";"Pgibas"
"1_745";"745";"121";"AndreKR"
"1_746";"746";"167";"Jake"
"1_748";"748";"51";"James Waters"
"1_750";"750";"173";"Abel"
"1_752";"752";"356";"yotiao"
"1_753";"753";"83";"Amu"
"1_754";"754";"113";"mivilar"
"1_756";"756";"26";"Shinta"
"1_757";"757";"101";"Zewz"
"1_759";"759";"401";"Eric Lippert"
"1_76";"76";"153";"Martin Foot"
"1_766";"766";"157";"yingw"
"1_770";"770";"51";"Justin Smith"
"1_771";"771";"290";"Ashu"
"1_776";"776";"131";"amal antony"
"1_777";"777";"140";"Ricardo Altamirano"
"1_778";"778";"26";"Anna"
"1_779";"779";"108";"Robert Whitley"
"1_78";"78";"101";"Dinesh Cyanam"
"1_780";"780";"138";"Steven Jeuris"
"1_781";"781";"177";"Aslan986"
"1_783";"783";"197";"Pristine Kavalostka"
"1_784";"784";"255";"tel"
"1_787";"787";"409";"yahoo301503"
"1_789";"789";"108";"Xenon"
"1_79";"79";"421";"arcyqwerty"
"1_790";"790";"219";"Cai Shaojiang"
"1_793";"793";"111";"Lev Levitsky"
"1_798";"798";"790";"Ben"
"1_801";"801";"141";"yoyostein"
"1_806";"806";"4027";"Armatus"
"1_808";"808";"141";"Peter Tamaroff"
"1_81";"81";"3714";"Poshpaws"
"1_810";"810";"858";"Shep"
"1_816";"816";"193";"Mohammad"
"1_817";"817";"241";"Snakes and Coffee"
"1_818";"818";"221";"Santosh Kumar"
"1_819";"819";"341";"Transcriptase"
"1_82";"82";"171";"sjcockell"
"1_820";"820";"182";"James Didzun"
"1_821";"821";"51";"kma230"
"1_822";"822";"136";"Hooked"
"1_824";"824";"51";"quark"
"1_826";"826";"159";"Jez"
"1_827";"827";"278";"octern"
"1_828";"828";"76";"L.Yampolsky"
"1_832";"832";"66";"Toby Bishop"
"1_834";"834";"144";"Eka"
"1_835";"835";"231";"Robert Long"
"1_836";"836";"289";"aland"
"1_838";"838";"116";"rebeccabeckybec"
"1_839";"839";"217";"Olly Price"
"1_84";"84";"1228";"John Smith"
"1_840";"840";"101";"Ross Millikan"
"1_843";"843";"106";"alan2here"
"1_845";"845";"44";"Dokkat"
"1_846";"846";"23";"user1030497"
"1_848";"848";"111";"cbeleites"
"1_85";"85";"101";"P Sellaz"
"1_852";"852";"604";"biologue"
"1_858";"858";"106";"Ilonpilaaja"
"1_86";"86";"1135";"Masi"
"1_861";"861";"53";"Registered User"
"1_864";"864";"313";"Matthew Piziak"
"1_866";"866";"225";"John"
"1_867";"867";"146";"Royco"
"1_868";"868";"133";"Zsub"
"1_87";"87";"298";"Gaurav"
"1_872";"872";"265";"The-Ever-Kid"
"1_873";"873";"151";"Eternal Learner"
"1_877";"877";"11";"Revown Sada"
"1_883";"883";"188";"Predator"
"1_885";"885";"188";"DavideChicco.it"
"1_886";"886";"14";"helicopterjeff"
"1_887";"887";"113";"Alby"
"1_888";"888";"23";"bdota"
"1_889";"889";"108";"luminousfish"
"1_891";"891";"146";"jreut"
"1_898";"898";"101";"Joel Cornett"
"1_9";"9";"697";"Greg Slodkowicz"
"1_90";"90";"428";"Damian Kao"
"1_900";"900";"131";"mfrankli"
"1_901";"901";"31";"Quark"
"1_902";"902";"21";"Kaitlyn"
"1_904";"904";"41";"tubble"
"1_905";"905";"111";"Sniper Clown"
"1_91";"91";"91";"user91"
"1_910";"910";"26";"lrrrgg"
"1_912";"912";"126";"mikemanne"
"1_913";"913";"51";"Nik KottovÃ¡"
"1_914";"914";"121";"Tom Boardman"
"1_915";"915";"103";"scaaahu"
"1_916";"916";"21";"Michael J"
"1_919";"919";"21";"Name"
"1_92";"92";"231";"Winawer"
"1_920";"920";"38";"Felipe LeÃ±ero"
"1_921";"921";"138";"Glycan"
"1_922";"922";"135";"hexafraction"
"1_923";"923";"6";"Cristian Velandia"
"1_924";"924";"110";"siamii"
"1_925";"925";"130";"EnergyNumbers"
"1_926";"926";"191";"Elliot Bonneville"
"1_929";"929";"81";"Elisabeth"
"1_932";"932";"31";"user1175280"
"1_933";"933";"150";"Tom"
"1_937";"937";"149";"Drew Steen"
"1_938";"938";"286";"Justin"
"1_939";"939";"236";"Mark Schultheiss"
"1_940";"940";"146";"Joe King"
"1_941";"941";"158";"PHPGAE"
"1_942";"942";"4";"science curious"
"1_944";"944";"41";"Earl"
"1_945";"945";"47";"Elias"
"1_946";"946";"46";"linuxrules94"
"1_947";"947";"167";"Stp30"
"1_948";"948";"2605";"MattDMo"
"1_95";"95";"109";"VanJeer"
"1_951";"951";"130";"Quantic Programming"
"1_952";"952";"138";"user952"
"1_953";"953";"282";"Noam N. Kremen"
"1_954";"954";"16";"burak"
"1_955";"955";"121";"Pietro Speroni"
"1_956";"956";"421";"blues"
"1_957";"957";"185";"Andrei Kucharavy"
"1_96";"96";"375";"bobtheowl2"
"1_960";"960";"143";"Zano"
"1_965";"965";"31";"Gorge Homless"
"1_970";"970";"168";"Hassan"
"1_972";"972";"77";"user972"
"1_973";"973";"558";"friveroll"
"1_976";"976";"118";"user151841"
"1_978";"978";"44";"plitter"
"1_981";"981";"101";"Jules"
"1_985";"985";"144";"Lance Pollard"
"1_988";"988";"198";"msh210"
"1_989";"989";"187";"hkBattousai"
"1_99";"99";"566";"Richard Terrett"
"1_990";"990";"41";"Artem"
"1_991";"991";"76";"Neil Peterman"
"1_994";"994";"13";"user132314"
"1_996";"996";"128";"JSB????"
"1_997";"997";"1037";"Noah Snyder"
